Week,CustomerID_original,SKUID_original,purchase_likelihood
11,C1,SKU7,0.8807970779778824
11,C1,SKU94,0.11920292202211755
11,C1,SKU3,0.8807970779778824
11,C1,SKU35,0.8807970779778824
11,C1,SKU42,0.8807970779778824
11,C1,SKU45,0.8807970779778824
11,C1,SKU24,0.11920292202211755
11,C1,SKU31,0.8807970779778824
11,C1,SKU93,0.8807970779778824
11,C1,SKU97,0.8807970779778824
11,C1,SKU90,0.8807970779778824
11,C1,SKU90,0.8807970779778824
11,C1,SKU60,0.11920292202211755
11,C1,SKU92,0.8807970779778824
11,C1,SKU53,0.8807970779778824
11,C1,SKU68,0.8807970779778824
11,C1,SKU30,0.11920292202211755
11,C1,SKU47,0.8807970779778824
11,C1,SKU56,0.8807970779778824
11,C1,SKU8,0.11920292202211755
11,C1,SKU41,0.8807970779778824
11,C1,SKU41,0.8807970779778824
11,C1,SKU25,0.8807970779778824
11,C1,SKU88,0.8807970779778824
11,C1,SKU48,0.8807970779778824
11,C1,SKU100,0.8807970779778824
11,C1,SKU14,0.8807970779778824
11,C1,SKU67,0.8807970779778824
11,C1,SKU39,0.8807970779778824
11,C1,SKU58,0.11920292202211755
11,C1,SKU17,0.11920292202211755
11,C1,SKU76,0.8807970779778824
11,C1,SKU76,0.8807970779778824
11,C1,SKU5,0.11920292202211755
11,C1,SKU22,0.8807970779778824
11,C1,SKU22,0.8807970779778824
11,C1,SKU89,0.8807970779778824
11,C1,SKU89,0.8807970779778824
11,C1,SKU59,0.11920292202211755
11,C1,SKU9,0.8807970779778824
11,C2,SKU70,0.8807970779778824
11,C2,SKU46,0.8807970779778824
11,C2,SKU83,0.8807970779778824
11,C2,SKU19,0.8807970779778824
11,C2,SKU99,0.8807970779778824
11,C2,SKU93,0.11920292202211755
11,C2,SKU63,0.11920292202211755
11,C2,SKU78,0.11920292202211755
11,C2,SKU77,0.8807970779778824
11,C2,SKU73,0.8807970779778824
11,C2,SKU34,0.8807970779778824
11,C2,SKU34,0.8807970779778824
11,C2,SKU53,0.8807970779778824
11,C2,SKU81,0.8807970779778824
11,C2,SKU81,0.8807970779778824
11,C2,SKU30,0.8807970779778824
11,C2,SKU30,0.8807970779778824
11,C2,SKU8,0.11920292202211755
11,C2,SKU41,0.8807970779778824
11,C2,SKU25,0.8807970779778824
11,C2,SKU52,0.8807970779778824
11,C2,SKU84,0.8807970779778824
11,C2,SKU80,0.8807970779778824
11,C2,SKU14,0.8807970779778824
11,C2,SKU14,0.8807970779778824
11,C2,SKU14,0.8807970779778824
11,C2,SKU23,0.8807970779778824
11,C2,SKU67,0.8807970779778824
11,C2,SKU38,0.8807970779778824
11,C2,SKU38,0.8807970779778824
11,C2,SKU17,0.8807970779778824
11,C2,SKU95,0.8807970779778824
11,C2,SKU10,0.8807970779778824
11,C2,SKU10,0.8807970779778824
11,C2,SKU55,0.11920292202211755
11,C2,SKU5,0.8807970779778824
11,C2,SKU5,0.8807970779778824
11,C2,SKU22,0.8807970779778824
11,C2,SKU43,0.8807970779778824
11,C2,SKU79,0.8807970779778824
11,C2,SKU86,0.8807970779778824
11,C2,SKU2,0.8807970779778824
11,C2,SKU61,0.8807970779778824
11,C2,SKU61,0.8807970779778824
11,C2,SKU9,0.8807970779778824
11,C3,SKU7,0.11920292202211755
11,C3,SKU94,0.11920292202211755
11,C3,SKU70,0.8807970779778824
11,C3,SKU18,0.8807970779778824
11,C3,SKU18,0.8807970779778824
11,C3,SKU3,0.8807970779778824
11,C3,SKU35,0.8807970779778824
11,C3,SKU46,0.8807970779778824
11,C3,SKU26,0.8807970779778824
11,C3,SKU26,0.8807970779778824
11,C3,SKU29,0.8807970779778824
11,C3,SKU83,0.8807970779778824
11,C3,SKU69,0.8807970779778824
11,C3,SKU74,0.8807970779778824
11,C3,SKU24,0.11920292202211755
11,C3,SKU78,0.8807970779778824
11,C3,SKU78,0.8807970779778824
11,C3,SKU77,0.8807970779778824
11,C3,SKU92,0.8807970779778824
11,C3,SKU64,0.8807970779778824
11,C3,SKU53,0.11920292202211755
11,C3,SKU81,0.8807970779778824
11,C3,SKU91,0.8807970779778824
11,C3,SKU91,0.8807970779778824
11,C3,SKU30,0.11920292202211755
11,C3,SKU4,0.8807970779778824
11,C3,SKU41,0.8807970779778824
11,C3,SKU52,0.8807970779778824
11,C3,SKU88,0.8807970779778824
11,C3,SKU87,0.8807970779778824
11,C3,SKU28,0.11920292202211755
11,C3,SKU82,0.8807970779778824
11,C3,SKU39,0.8807970779778824
11,C3,SKU38,0.8807970779778824
11,C3,SKU76,0.8807970779778824
11,C3,SKU27,0.8807970779778824
11,C3,SKU5,0.8807970779778824
11,C3,SKU5,0.8807970779778824
11,C3,SKU5,0.8807970779778824
11,C3,SKU43,0.8807970779778824
11,C3,SKU57,0.8807970779778824
11,C3,SKU57,0.8807970779778824
11,C3,SKU32,0.8807970779778824
11,C3,SKU85,0.8807970779778824
11,C3,SKU86,0.8807970779778824
11,C3,SKU37,0.11920292202211755
11,C3,SKU75,0.8807970779778824
11,C4,SKU94,0.8807970779778824
11,C4,SKU49,0.8807970779778824
11,C4,SKU26,0.8807970779778824
11,C4,SKU29,0.8807970779778824
11,C4,SKU74,0.8807970779778824
11,C4,SKU24,0.11920292202211755
11,C4,SKU99,0.8807970779778824
11,C4,SKU78,0.8807970779778824
11,C4,SKU97,0.8807970779778824
11,C4,SKU65,0.8807970779778824
11,C4,SKU31,0.8807970779778824
11,C4,SKU63,0.11920292202211755
11,C4,SKU93,0.11920292202211755
11,C4,SKU90,0.8807970779778824
11,C4,SKU73,0.8807970779778824
11,C4,SKU60,0.8807970779778824
11,C4,SKU50,0.8807970779778824
11,C4,SKU44,0.8807970779778824
11,C4,SKU62,0.11920292202211755
11,C4,SKU34,0.11920292202211755
11,C4,SKU91,0.8807970779778824
11,C4,SKU30,0.8807970779778824
11,C4,SKU56,0.8807970779778824
11,C4,SKU8,0.8807970779778824
11,C4,SKU4,0.8807970779778824
11,C4,SKU96,0.8807970779778824
11,C4,SKU52,0.8807970779778824
11,C4,SKU88,0.8807970779778824
11,C4,SKU80,0.8807970779778824
11,C4,SKU48,0.8807970779778824
11,C4,SKU33,0.11920292202211755
11,C4,SKU87,0.11920292202211755
11,C4,SKU14,0.8807970779778824
11,C4,SKU82,0.8807970779778824
11,C4,SKU23,0.8807970779778824
11,C4,SKU23,0.8807970779778824
11,C4,SKU6,0.8807970779778824
11,C4,SKU58,0.8807970779778824
11,C4,SKU58,0.8807970779778824
11,C4,SKU38,0.8807970779778824
11,C4,SKU76,0.8807970779778824
11,C4,SKU17,0.11920292202211755
11,C4,SKU95,0.8807970779778824
11,C4,SKU10,0.8807970779778824
11,C4,SKU27,0.8807970779778824
11,C4,SKU5,0.8807970779778824
11,C4,SKU13,0.8807970779778824
11,C4,SKU71,0.8807970779778824
11,C4,SKU66,0.8807970779778824
11,C4,SKU66,0.8807970779778824
11,C4,SKU32,0.8807970779778824
11,C4,SKU1,0.8807970779778824
11,C4,SKU86,0.8807970779778824
11,C4,SKU86,0.8807970779778824
11,C5,SKU94,0.8807970779778824
11,C5,SKU70,0.8807970779778824
11,C5,SKU70,0.8807970779778824
11,C5,SKU3,0.8807970779778824
11,C5,SKU49,0.8807970779778824
11,C5,SKU46,0.8807970779778824
11,C5,SKU37,0.8807970779778824
11,C5,SKU45,0.8807970779778824
11,C5,SKU45,0.8807970779778824
11,C5,SKU69,0.8807970779778824
11,C5,SKU29,0.8807970779778824
11,C5,SKU24,0.8807970779778824
11,C5,SKU99,0.8807970779778824
11,C5,SKU99,0.8807970779778824
11,C5,SKU78,0.8807970779778824
11,C5,SKU78,0.8807970779778824
11,C5,SKU63,0.8807970779778824
11,C5,SKU12,0.8807970779778824
11,C5,SKU93,0.11920292202211755
11,C5,SKU90,0.8807970779778824
11,C5,SKU60,0.8807970779778824
11,C5,SKU73,0.8807970779778824
11,C5,SKU62,0.8807970779778824
11,C5,SKU62,0.8807970779778824
11,C5,SKU34,0.11920292202211755
11,C5,SKU8,0.11920292202211755
11,C5,SKU25,0.11920292202211755
11,C5,SKU52,0.8807970779778824
11,C5,SKU54,0.8807970779778824
11,C5,SKU33,0.8807970779778824
11,C5,SKU80,0.8807970779778824
11,C5,SKU80,0.8807970779778824
11,C5,SKU48,0.8807970779778824
11,C5,SKU28,0.11920292202211755
11,C5,SKU23,0.8807970779778824
11,C5,SKU23,0.8807970779778824
11,C5,SKU23,0.8807970779778824
11,C5,SKU38,0.8807970779778824
11,C5,SKU17,0.11920292202211755
11,C5,SKU10,0.8807970779778824
11,C5,SKU13,0.8807970779778824
11,C5,SKU43,0.8807970779778824
11,C5,SKU57,0.8807970779778824
11,C5,SKU22,0.11920292202211755
11,C5,SKU66,0.8807970779778824
11,C5,SKU89,0.8807970779778824
11,C5,SKU89,0.8807970779778824
11,C5,SKU32,0.11920292202211755
11,C5,SKU85,0.8807970779778824
11,C5,SKU79,0.8807970779778824
11,C5,SKU86,0.8807970779778824
11,C5,SKU44,0.8807970779778824
11,C5,SKU11,0.8807970779778824
11,C5,SKU75,0.8807970779778824
11,C6,SKU7,0.8807970779778824
11,C6,SKU94,0.8807970779778824
11,C6,SKU70,0.8807970779778824
11,C6,SKU36,0.8807970779778824
11,C6,SKU49,0.8807970779778824
11,C6,SKU26,0.8807970779778824
11,C6,SKU11,0.8807970779778824
11,C6,SKU45,0.8807970779778824
11,C6,SKU29,0.8807970779778824
11,C6,SKU74,0.8807970779778824
11,C6,SKU19,0.8807970779778824
11,C6,SKU24,0.8807970779778824
11,C6,SKU99,0.8807970779778824
11,C6,SKU99,0.8807970779778824
11,C6,SKU93,0.8807970779778824
11,C6,SKU63,0.8807970779778824
11,C6,SKU65,0.8807970779778824
11,C6,SKU12,0.8807970779778824
11,C6,SKU73,0.8807970779778824
11,C6,SKU53,0.8807970779778824
11,C6,SKU15,0.8807970779778824
11,C6,SKU91,0.8807970779778824
11,C6,SKU30,0.8807970779778824
11,C6,SKU98,0.8807970779778824
11,C6,SKU68,0.11920292202211755
11,C6,SKU47,0.8807970779778824
11,C6,SKU8,0.8807970779778824
11,C6,SKU41,0.8807970779778824
11,C6,SKU4,0.8807970779778824
11,C6,SKU96,0.8807970779778824
11,C6,SKU52,0.8807970779778824
11,C6,SKU33,0.8807970779778824
11,C6,SKU33,0.8807970779778824
11,C6,SKU100,0.8807970779778824
11,C6,SKU38,0.8807970779778824
11,C6,SKU38,0.8807970779778824
11,C6,SKU76,0.8807970779778824
11,C6,SKU17,0.8807970779778824
11,C6,SKU55,0.8807970779778824
11,C6,SKU5,0.11920292202211755
11,C6,SKU13,0.8807970779778824
11,C6,SKU13,0.8807970779778824
11,C6,SKU71,0.8807970779778824
11,C6,SKU71,0.8807970779778824
11,C6,SKU40,0.8807970779778824
11,C6,SKU79,0.8807970779778824
11,C6,SKU79,0.8807970779778824
11,C6,SKU61,0.8807970779778824
11,C6,SKU37,0.8807970779778824
11,C6,SKU75,0.8807970779778824
11,C6,SKU9,0.8807970779778824
11,C7,SKU70,0.8807970779778824
11,C7,SKU36,0.8807970779778824
11,C7,SKU36,0.8807970779778824
11,C7,SKU46,0.8807970779778824
11,C7,SKU46,0.8807970779778824
11,C7,SKU26,0.8807970779778824
11,C7,SKU29,0.8807970779778824
11,C7,SKU74,0.8807970779778824
11,C7,SKU19,0.8807970779778824
11,C7,SKU93,0.11920292202211755
11,C7,SKU63,0.11920292202211755
11,C7,SKU12,0.8807970779778824
11,C7,SKU77,0.8807970779778824
11,C7,SKU73,0.8807970779778824
11,C7,SKU21,0.8807970779778824
11,C7,SKU62,0.8807970779778824
11,C7,SKU34,0.11920292202211755
11,C7,SKU53,0.8807970779778824
11,C7,SKU53,0.8807970779778824
11,C7,SKU81,0.8807970779778824
11,C7,SKU16,0.8807970779778824
11,C7,SKU30,0.8807970779778824
11,C7,SKU68,0.11920292202211755
11,C7,SKU8,0.8807970779778824
11,C7,SKU96,0.8807970779778824
11,C7,SKU84,0.8807970779778824
11,C7,SKU33,0.8807970779778824
11,C7,SKU100,0.8807970779778824
11,C7,SKU100,0.8807970779778824
11,C7,SKU100,0.8807970779778824
11,C7,SKU87,0.8807970779778824
11,C7,SKU23,0.8807970779778824
11,C7,SKU23,0.8807970779778824
11,C7,SKU6,0.8807970779778824
11,C7,SKU39,0.8807970779778824
11,C7,SKU17,0.11920292202211755
11,C7,SKU95,0.8807970779778824
11,C7,SKU27,0.8807970779778824
11,C7,SKU71,0.8807970779778824
11,C7,SKU66,0.8807970779778824
11,C7,SKU85,0.11920292202211755
11,C7,SKU1,0.8807970779778824
11,C7,SKU51,0.8807970779778824
11,C7,SKU61,0.8807970779778824
11,C7,SKU37,0.8807970779778824
11,C7,SKU9,0.8807970779778824
11,C8,SKU35,0.8807970779778824
11,C8,SKU26,0.8807970779778824
11,C8,SKU69,0.8807970779778824
11,C8,SKU83,0.8807970779778824
11,C8,SKU74,0.8807970779778824
11,C8,SKU93,0.8807970779778824
11,C8,SKU97,0.8807970779778824
11,C8,SKU78,0.8807970779778824
11,C8,SKU78,0.8807970779778824
11,C8,SKU63,0.8807970779778824
11,C8,SKU63,0.8807970779778824
11,C8,SKU60,0.8807970779778824
11,C8,SKU50,0.8807970779778824
11,C8,SKU92,0.8807970779778824
11,C8,SKU34,0.8807970779778824
11,C8,SKU34,0.8807970779778824
11,C8,SKU15,0.8807970779778824
11,C8,SKU16,0.8807970779778824
11,C8,SKU30,0.8807970779778824
11,C8,SKU30,0.8807970779778824
11,C8,SKU98,0.8807970779778824
11,C8,SKU98,0.8807970779778824
11,C8,SKU47,0.8807970779778824
11,C8,SKU8,0.8807970779778824
11,C8,SKU52,0.8807970779778824
11,C8,SKU88,0.8807970779778824
11,C8,SKU54,0.11920292202211755
11,C8,SKU48,0.8807970779778824
11,C8,SKU28,0.8807970779778824
11,C8,SKU14,0.8807970779778824
11,C8,SKU14,0.8807970779778824
11,C8,SKU14,0.8807970779778824
11,C8,SKU23,0.8807970779778824
11,C8,SKU72,0.8807970779778824
11,C8,SKU58,0.11920292202211755
11,C8,SKU20,0.8807970779778824
11,C8,SKU20,0.8807970779778824
11,C8,SKU17,0.11920292202211755
11,C8,SKU76,0.11920292202211755
11,C8,SKU10,0.8807970779778824
11,C8,SKU27,0.8807970779778824
11,C8,SKU22,0.11920292202211755
11,C8,SKU57,0.8807970779778824
11,C8,SKU43,0.8807970779778824
11,C8,SKU89,0.8807970779778824
11,C8,SKU89,0.8807970779778824
11,C8,SKU59,0.8807970779778824
11,C8,SKU85,0.8807970779778824
11,C8,SKU1,0.8807970779778824
11,C8,SKU51,0.8807970779778824
11,C8,SKU2,0.8807970779778824
11,C8,SKU2,0.8807970779778824
11,C8,SKU37,0.8807970779778824
11,C8,SKU75,0.8807970779778824
11,C9,SKU18,0.8807970779778824
11,C9,SKU49,0.8807970779778824
11,C9,SKU26,0.8807970779778824
11,C9,SKU26,0.8807970779778824
11,C9,SKU29,0.8807970779778824
11,C9,SKU99,0.8807970779778824
11,C9,SKU93,0.8807970779778824
11,C9,SKU63,0.11920292202211755
11,C9,SKU90,0.8807970779778824
11,C9,SKU73,0.8807970779778824
11,C9,SKU73,0.8807970779778824
11,C9,SKU60,0.8807970779778824
11,C9,SKU21,0.8807970779778824
11,C9,SKU50,0.8807970779778824
11,C9,SKU34,0.11920292202211755
11,C9,SKU64,0.8807970779778824
11,C9,SKU15,0.8807970779778824
11,C9,SKU91,0.8807970779778824
11,C9,SKU91,0.8807970779778824
11,C9,SKU68,0.8807970779778824
11,C9,SKU68,0.8807970779778824
11,C9,SKU30,0.8807970779778824
11,C9,SKU16,0.8807970779778824
11,C9,SKU47,0.8807970779778824
11,C9,SKU47,0.8807970779778824
11,C9,SKU8,0.8807970779778824
11,C9,SKU4,0.8807970779778824
11,C9,SKU41,0.8807970779778824
11,C9,SKU25,0.11920292202211755
11,C9,SKU52,0.8807970779778824
11,C9,SKU84,0.8807970779778824
11,C9,SKU72,0.8807970779778824
11,C9,SKU6,0.8807970779778824
11,C9,SKU58,0.8807970779778824
11,C9,SKU17,0.11920292202211755
11,C9,SKU38,0.11920292202211755
11,C9,SKU55,0.11920292202211755
11,C9,SKU10,0.8807970779778824
11,C9,SKU10,0.8807970779778824
11,C9,SKU5,0.8807970779778824
11,C9,SKU5,0.8807970779778824
11,C9,SKU71,0.8807970779778824
11,C9,SKU32,0.8807970779778824
11,C9,SKU59,0.8807970779778824
11,C9,SKU40,0.8807970779778824
11,C9,SKU1,0.11920292202211755
11,C9,SKU79,0.8807970779778824
11,C9,SKU86,0.8807970779778824
11,C9,SKU61,0.8807970779778824
11,C9,SKU37,0.8807970779778824
11,C9,SKU37,0.8807970779778824
11,C9,SKU75,0.8807970779778824
11,C10,SKU7,0.8807970779778824
11,C10,SKU94,0.11920292202211755
11,C10,SKU46,0.8807970779778824
11,C10,SKU37,0.8807970779778824
11,C10,SKU37,0.8807970779778824
11,C10,SKU26,0.8807970779778824
11,C10,SKU29,0.8807970779778824
11,C10,SKU83,0.8807970779778824
11,C10,SKU74,0.8807970779778824
11,C10,SKU24,0.11920292202211755
11,C10,SKU78,0.8807970779778824
11,C10,SKU93,0.8807970779778824
11,C10,SKU65,0.8807970779778824
11,C10,SKU63,0.8807970779778824
11,C10,SKU77,0.8807970779778824
11,C10,SKU90,0.8807970779778824
11,C10,SKU60,0.8807970779778824
11,C10,SKU64,0.8807970779778824
11,C10,SKU53,0.11920292202211755
11,C10,SKU81,0.8807970779778824
11,C10,SKU91,0.8807970779778824
11,C10,SKU68,0.8807970779778824
11,C10,SKU98,0.8807970779778824
11,C10,SKU30,0.11920292202211755
11,C10,SKU96,0.8807970779778824
11,C10,SKU84,0.8807970779778824
11,C10,SKU33,0.8807970779778824
11,C10,SKU100,0.8807970779778824
11,C10,SKU23,0.8807970779778824
11,C10,SKU6,0.8807970779778824
11,C10,SKU72,0.11920292202211755
11,C10,SKU20,0.8807970779778824
11,C10,SKU55,0.8807970779778824
11,C10,SKU27,0.8807970779778824
11,C10,SKU5,0.11920292202211755
11,C10,SKU22,0.11920292202211755
11,C10,SKU57,0.8807970779778824
11,C10,SKU43,0.8807970779778824
11,C10,SKU71,0.8807970779778824
11,C10,SKU89,0.8807970779778824
11,C10,SKU32,0.8807970779778824
11,C10,SKU85,0.8807970779778824
11,C10,SKU1,0.8807970779778824
11,C10,SKU1,0.8807970779778824
11,C10,SKU2,0.8807970779778824
11,C10,SKU11,0.8807970779778824
11,C10,SKU11,0.8807970779778824
11,C11,SKU94,0.8807970779778824
11,C11,SKU18,0.8807970779778824
11,C11,SKU3,0.11920292202211755
11,C11,SKU35,0.8807970779778824
11,C11,SKU42,0.8807970779778824
11,C11,SKU26,0.8807970779778824
11,C11,SKU45,0.8807970779778824
11,C11,SKU24,0.11920292202211755
11,C11,SKU99,0.8807970779778824
11,C11,SKU99,0.8807970779778824
11,C11,SKU99,0.8807970779778824
11,C11,SKU31,0.8807970779778824
11,C11,SKU31,0.8807970779778824
11,C11,SKU97,0.8807970779778824
11,C11,SKU79,0.8807970779778824
11,C11,SKU90,0.8807970779778824
11,C11,SKU60,0.8807970779778824
11,C11,SKU73,0.8807970779778824
11,C11,SKU62,0.8807970779778824
11,C11,SKU62,0.8807970779778824
11,C11,SKU92,0.8807970779778824
11,C11,SKU34,0.8807970779778824
11,C11,SKU53,0.11920292202211755
11,C11,SKU68,0.8807970779778824
11,C11,SKU30,0.11920292202211755
11,C11,SKU8,0.8807970779778824
11,C11,SKU4,0.8807970779778824
11,C11,SKU41,0.8807970779778824
11,C11,SKU41,0.8807970779778824
11,C11,SKU96,0.8807970779778824
11,C11,SKU96,0.8807970779778824
11,C11,SKU52,0.8807970779778824
11,C11,SKU84,0.8807970779778824
11,C11,SKU84,0.8807970779778824
11,C11,SKU48,0.8807970779778824
11,C11,SKU28,0.8807970779778824
11,C11,SKU82,0.8807970779778824
11,C11,SKU23,0.8807970779778824
11,C11,SKU67,0.8807970779778824
11,C11,SKU67,0.8807970779778824
11,C11,SKU39,0.11920292202211755
11,C11,SKU58,0.8807970779778824
11,C11,SKU95,0.8807970779778824
11,C11,SKU10,0.11920292202211755
11,C11,SKU27,0.8807970779778824
11,C11,SKU5,0.8807970779778824
11,C11,SKU13,0.8807970779778824
11,C11,SKU22,0.8807970779778824
11,C11,SKU89,0.8807970779778824
11,C11,SKU89,0.8807970779778824
11,C11,SKU32,0.8807970779778824
11,C11,SKU40,0.8807970779778824
11,C11,SKU1,0.8807970779778824
11,C11,SKU51,0.8807970779778824
11,C11,SKU37,0.8807970779778824
11,C11,SKU9,0.8807970779778824
11,C12,SKU7,0.8807970779778824
11,C12,SKU94,0.8807970779778824
11,C12,SKU94,0.8807970779778824
11,C12,SKU18,0.8807970779778824
11,C12,SKU49,0.8807970779778824
11,C12,SKU26,0.8807970779778824
11,C12,SKU45,0.8807970779778824
11,C12,SKU83,0.8807970779778824
11,C12,SKU69,0.11920292202211755
11,C12,SKU24,0.11920292202211755
11,C12,SKU31,0.8807970779778824
11,C12,SKU78,0.8807970779778824
11,C12,SKU78,0.8807970779778824
11,C12,SKU77,0.8807970779778824
11,C12,SKU60,0.8807970779778824
11,C12,SKU21,0.8807970779778824
11,C12,SKU21,0.8807970779778824
11,C12,SKU21,0.8807970779778824
11,C12,SKU53,0.8807970779778824
11,C12,SKU81,0.8807970779778824
11,C12,SKU16,0.8807970779778824
11,C12,SKU30,0.8807970779778824
11,C12,SKU98,0.8807970779778824
11,C12,SKU56,0.11920292202211755
11,C12,SKU4,0.8807970779778824
11,C12,SKU54,0.8807970779778824
11,C12,SKU48,0.8807970779778824
11,C12,SKU80,0.8807970779778824
11,C12,SKU87,0.8807970779778824
11,C12,SKU14,0.11920292202211755
11,C12,SKU23,0.8807970779778824
11,C12,SKU72,0.8807970779778824
11,C12,SKU58,0.8807970779778824
11,C12,SKU38,0.8807970779778824
11,C12,SKU10,0.8807970779778824
11,C12,SKU27,0.8807970779778824
11,C12,SKU5,0.11920292202211755
11,C12,SKU22,0.8807970779778824
11,C12,SKU71,0.8807970779778824
11,C12,SKU89,0.8807970779778824
11,C12,SKU66,0.11920292202211755
11,C12,SKU85,0.8807970779778824
11,C12,SKU40,0.8807970779778824
11,C12,SKU1,0.8807970779778824
11,C12,SKU51,0.8807970779778824
11,C12,SKU86,0.8807970779778824
11,C12,SKU2,0.8807970779778824
11,C12,SKU37,0.8807970779778824
11,C12,SKU9,0.8807970779778824
11,C13,SKU36,0.8807970779778824
11,C13,SKU35,0.8807970779778824
11,C13,SKU46,0.8807970779778824
11,C13,SKU42,0.8807970779778824
11,C13,SKU69,0.8807970779778824
11,C13,SKU69,0.8807970779778824
11,C13,SKU19,0.8807970779778824
11,C13,SKU93,0.11920292202211755
11,C13,SKU97,0.8807970779778824
11,C13,SKU12,0.8807970779778824
11,C13,SKU63,0.8807970779778824
11,C13,SKU63,0.8807970779778824
11,C13,SKU77,0.8807970779778824
11,C13,SKU77,0.8807970779778824
11,C13,SKU65,0.8807970779778824
11,C13,SKU62,0.8807970779778824
11,C13,SKU34,0.8807970779778824
11,C13,SKU34,0.8807970779778824
11,C13,SKU81,0.8807970779778824
11,C13,SKU91,0.8807970779778824
11,C13,SKU98,0.8807970779778824
11,C13,SKU47,0.8807970779778824
11,C13,SKU56,0.8807970779778824
11,C13,SKU8,0.11920292202211755
11,C13,SKU25,0.8807970779778824
11,C13,SKU52,0.8807970779778824
11,C13,SKU48,0.8807970779778824
11,C13,SKU87,0.8807970779778824
11,C13,SKU100,0.11920292202211755
11,C13,SKU6,0.8807970779778824
11,C13,SKU72,0.8807970779778824
11,C13,SKU39,0.11920292202211755
11,C13,SKU58,0.8807970779778824
11,C13,SKU17,0.8807970779778824
11,C13,SKU17,0.8807970779778824
11,C13,SKU17,0.8807970779778824
11,C13,SKU76,0.8807970779778824
11,C13,SKU38,0.8807970779778824
11,C13,SKU55,0.8807970779778824
11,C13,SKU55,0.8807970779778824
11,C13,SKU95,0.8807970779778824
11,C13,SKU5,0.8807970779778824
11,C13,SKU13,0.8807970779778824
11,C13,SKU43,0.8807970779778824
11,C13,SKU32,0.8807970779778824
11,C13,SKU59,0.8807970779778824
11,C13,SKU59,0.8807970779778824
11,C13,SKU85,0.8807970779778824
11,C13,SKU86,0.8807970779778824
11,C13,SKU44,0.8807970779778824
11,C14,SKU94,0.8807970779778824
11,C14,SKU70,0.11920292202211755
11,C14,SKU49,0.8807970779778824
11,C14,SKU11,0.8807970779778824
11,C14,SKU29,0.8807970779778824
11,C14,SKU69,0.8807970779778824
11,C14,SKU19,0.8807970779778824
11,C14,SKU83,0.8807970779778824
11,C14,SKU24,0.8807970779778824
11,C14,SKU45,0.8807970779778824
11,C14,SKU99,0.8807970779778824
11,C14,SKU99,0.8807970779778824
11,C14,SKU31,0.8807970779778824
11,C14,SKU63,0.8807970779778824
11,C14,SKU97,0.8807970779778824
11,C14,SKU93,0.11920292202211755
11,C14,SKU73,0.8807970779778824
11,C14,SKU73,0.8807970779778824
11,C14,SKU50,0.8807970779778824
11,C14,SKU62,0.8807970779778824
11,C14,SKU34,0.8807970779778824
11,C14,SKU34,0.8807970779778824
11,C14,SKU91,0.8807970779778824
11,C14,SKU98,0.8807970779778824
11,C14,SKU8,0.8807970779778824
11,C14,SKU8,0.8807970779778824
11,C14,SKU54,0.8807970779778824
11,C14,SKU33,0.8807970779778824
11,C14,SKU100,0.8807970779778824
11,C14,SKU100,0.8807970779778824
11,C14,SKU28,0.8807970779778824
11,C14,SKU72,0.8807970779778824
11,C14,SKU72,0.8807970779778824
11,C14,SKU6,0.8807970779778824
11,C14,SKU39,0.8807970779778824
11,C14,SKU17,0.11920292202211755
11,C14,SKU95,0.8807970779778824
11,C14,SKU10,0.8807970779778824
11,C14,SKU13,0.8807970779778824
11,C14,SKU13,0.8807970779778824
11,C14,SKU57,0.8807970779778824
11,C14,SKU22,0.8807970779778824
11,C14,SKU32,0.11920292202211755
11,C14,SKU59,0.8807970779778824
11,C14,SKU44,0.8807970779778824
11,C14,SKU37,0.8807970779778824
11,C15,SKU7,0.8807970779778824
11,C15,SKU70,0.8807970779778824
11,C15,SKU18,0.8807970779778824
11,C15,SKU36,0.8807970779778824
11,C15,SKU35,0.8807970779778824
11,C15,SKU49,0.11920292202211755
11,C15,SKU42,0.8807970779778824
11,C15,SKU83,0.8807970779778824
11,C15,SKU19,0.8807970779778824
11,C15,SKU93,0.8807970779778824
11,C15,SKU63,0.11920292202211755
11,C15,SKU77,0.8807970779778824
11,C15,SKU90,0.8807970779778824
11,C15,SKU60,0.8807970779778824
11,C15,SKU60,0.8807970779778824
11,C15,SKU44,0.8807970779778824
11,C15,SKU44,0.8807970779778824
11,C15,SKU50,0.8807970779778824
11,C15,SKU92,0.8807970779778824
11,C15,SKU34,0.8807970779778824
11,C15,SKU15,0.8807970779778824
11,C15,SKU81,0.8807970779778824
11,C15,SKU30,0.8807970779778824
11,C15,SKU30,0.8807970779778824
11,C15,SKU98,0.8807970779778824
11,C15,SKU8,0.11920292202211755
11,C15,SKU28,0.8807970779778824
11,C15,SKU28,0.8807970779778824
11,C15,SKU82,0.8807970779778824
11,C15,SKU23,0.11920292202211755
11,C15,SKU72,0.8807970779778824
11,C15,SKU58,0.8807970779778824
11,C15,SKU17,0.11920292202211755
11,C15,SKU55,0.8807970779778824
11,C15,SKU57,0.8807970779778824
11,C15,SKU71,0.8807970779778824
11,C15,SKU89,0.8807970779778824
11,C15,SKU59,0.8807970779778824
11,C15,SKU79,0.8807970779778824
11,C15,SKU79,0.8807970779778824
11,C15,SKU61,0.8807970779778824
11,C15,SKU61,0.8807970779778824
11,C15,SKU9,0.8807970779778824
11,C16,SKU7,0.8807970779778824
11,C16,SKU94,0.8807970779778824
11,C16,SKU70,0.8807970779778824
11,C16,SKU18,0.8807970779778824
11,C16,SKU35,0.8807970779778824
11,C16,SKU26,0.8807970779778824
11,C16,SKU29,0.8807970779778824
11,C16,SKU19,0.11920292202211755
11,C16,SKU24,0.11920292202211755
11,C16,SKU78,0.8807970779778824
11,C16,SKU78,0.8807970779778824
11,C16,SKU93,0.8807970779778824
11,C16,SKU77,0.8807970779778824
11,C16,SKU21,0.8807970779778824
11,C16,SKU62,0.8807970779778824
11,C16,SKU53,0.11920292202211755
11,C16,SKU81,0.8807970779778824
11,C16,SKU91,0.8807970779778824
11,C16,SKU30,0.8807970779778824
11,C16,SKU30,0.8807970779778824
11,C16,SKU30,0.8807970779778824
11,C16,SKU25,0.8807970779778824
11,C16,SKU25,0.8807970779778824
11,C16,SKU84,0.8807970779778824
11,C16,SKU54,0.8807970779778824
11,C16,SKU33,0.8807970779778824
11,C16,SKU100,0.8807970779778824
11,C16,SKU82,0.8807970779778824
11,C16,SKU6,0.8807970779778824
11,C16,SKU39,0.8807970779778824
11,C16,SKU17,0.8807970779778824
11,C16,SKU76,0.8807970779778824
11,C16,SKU76,0.8807970779778824
11,C16,SKU5,0.11920292202211755
11,C16,SKU85,0.8807970779778824
11,C16,SKU40,0.11920292202211755
11,C16,SKU1,0.8807970779778824
11,C16,SKU51,0.8807970779778824
11,C16,SKU86,0.8807970779778824
11,C16,SKU86,0.8807970779778824
11,C16,SKU2,0.11920292202211755
11,C16,SKU11,0.8807970779778824
11,C16,SKU9,0.8807970779778824
11,C17,SKU7,0.8807970779778824
11,C17,SKU94,0.11920292202211755
11,C17,SKU3,0.11920292202211755
11,C17,SKU49,0.8807970779778824
11,C17,SKU49,0.8807970779778824
11,C17,SKU42,0.8807970779778824
11,C17,SKU26,0.8807970779778824
11,C17,SKU83,0.8807970779778824
11,C17,SKU74,0.8807970779778824
11,C17,SKU24,0.8807970779778824
11,C17,SKU99,0.11920292202211755
11,C17,SKU78,0.8807970779778824
11,C17,SKU63,0.8807970779778824
11,C17,SKU73,0.8807970779778824
11,C17,SKU60,0.8807970779778824
11,C17,SKU92,0.8807970779778824
11,C17,SKU64,0.8807970779778824
11,C17,SKU53,0.8807970779778824
11,C17,SKU30,0.8807970779778824
11,C17,SKU56,0.8807970779778824
11,C17,SKU41,0.8807970779778824
11,C17,SKU88,0.8807970779778824
11,C17,SKU33,0.8807970779778824
11,C17,SKU87,0.11920292202211755
11,C17,SKU28,0.8807970779778824
11,C17,SKU100,0.11920292202211755
11,C17,SKU14,0.8807970779778824
11,C17,SKU23,0.8807970779778824
11,C17,SKU72,0.8807970779778824
11,C17,SKU39,0.8807970779778824
11,C17,SKU17,0.8807970779778824
11,C17,SKU76,0.8807970779778824
11,C17,SKU5,0.11920292202211755
11,C17,SKU22,0.8807970779778824
11,C17,SKU43,0.8807970779778824
11,C17,SKU71,0.8807970779778824
11,C17,SKU59,0.8807970779778824
11,C17,SKU79,0.8807970779778824
11,C17,SKU2,0.8807970779778824
11,C17,SKU2,0.8807970779778824
11,C17,SKU44,0.8807970779778824
11,C17,SKU37,0.8807970779778824
11,C17,SKU9,0.8807970779778824
11,C18,SKU94,0.11920292202211755
11,C18,SKU36,0.8807970779778824
11,C18,SKU35,0.11920292202211755
11,C18,SKU49,0.8807970779778824
11,C18,SKU24,0.11920292202211755
11,C18,SKU78,0.8807970779778824
11,C18,SKU78,0.8807970779778824
11,C18,SKU93,0.8807970779778824
11,C18,SKU77,0.8807970779778824
11,C18,SKU90,0.11920292202211755
11,C18,SKU53,0.8807970779778824
11,C18,SKU30,0.11920292202211755
11,C18,SKU56,0.8807970779778824
11,C18,SKU4,0.8807970779778824
11,C18,SKU28,0.8807970779778824
11,C18,SKU14,0.8807970779778824
11,C18,SKU82,0.11920292202211755
11,C18,SKU67,0.8807970779778824
11,C18,SKU38,0.8807970779778824
11,C18,SKU76,0.8807970779778824
11,C18,SKU10,0.8807970779778824
11,C18,SKU10,0.8807970779778824
11,C18,SKU10,0.8807970779778824
11,C18,SKU27,0.8807970779778824
11,C18,SKU5,0.11920292202211755
11,C18,SKU71,0.8807970779778824
11,C18,SKU1,0.8807970779778824
11,C18,SKU61,0.8807970779778824
11,C18,SKU79,0.8807970779778824
11,C18,SKU44,0.8807970779778824
11,C19,SKU70,0.8807970779778824
11,C19,SKU3,0.8807970779778824
11,C19,SKU35,0.8807970779778824
11,C19,SKU42,0.8807970779778824
11,C19,SKU45,0.8807970779778824
11,C19,SKU74,0.8807970779778824
11,C19,SKU24,0.8807970779778824
11,C19,SKU93,0.11920292202211755
11,C19,SKU63,0.11920292202211755
11,C19,SKU65,0.8807970779778824
11,C19,SKU65,0.8807970779778824
11,C19,SKU21,0.8807970779778824
11,C19,SKU92,0.8807970779778824
11,C19,SKU92,0.8807970779778824
11,C19,SKU34,0.8807970779778824
11,C19,SKU34,0.8807970779778824
11,C19,SKU53,0.8807970779778824
11,C19,SKU15,0.8807970779778824
11,C19,SKU16,0.8807970779778824
11,C19,SKU98,0.11920292202211755
11,C19,SKU47,0.8807970779778824
11,C19,SKU56,0.8807970779778824
11,C19,SKU8,0.11920292202211755
11,C19,SKU4,0.8807970779778824
11,C19,SKU54,0.8807970779778824
11,C19,SKU28,0.8807970779778824
11,C19,SKU72,0.8807970779778824
11,C19,SKU67,0.11920292202211755
11,C19,SKU58,0.8807970779778824
11,C19,SKU38,0.8807970779778824
11,C19,SKU38,0.8807970779778824
11,C19,SKU20,0.8807970779778824
11,C19,SKU17,0.11920292202211755
11,C19,SKU55,0.8807970779778824
11,C19,SKU5,0.8807970779778824
11,C19,SKU57,0.8807970779778824
11,C19,SKU43,0.8807970779778824
11,C19,SKU71,0.8807970779778824
11,C19,SKU71,0.8807970779778824
11,C19,SKU66,0.8807970779778824
11,C19,SKU32,0.8807970779778824
11,C19,SKU32,0.8807970779778824
11,C19,SKU59,0.8807970779778824
11,C19,SKU40,0.8807970779778824
11,C19,SKU40,0.8807970779778824
11,C19,SKU79,0.8807970779778824
11,C19,SKU44,0.11920292202211755
11,C19,SKU9,0.8807970779778824
11,C20,SKU94,0.8807970779778824
11,C20,SKU46,0.8807970779778824
11,C20,SKU26,0.8807970779778824
11,C20,SKU24,0.11920292202211755
11,C20,SKU99,0.8807970779778824
11,C20,SKU12,0.8807970779778824
11,C20,SKU65,0.8807970779778824
11,C20,SKU77,0.8807970779778824
11,C20,SKU50,0.8807970779778824
11,C20,SKU50,0.8807970779778824
11,C20,SKU50,0.8807970779778824
11,C20,SKU34,0.8807970779778824
11,C20,SKU34,0.8807970779778824
11,C20,SKU53,0.8807970779778824
11,C20,SKU53,0.8807970779778824
11,C20,SKU81,0.8807970779778824
11,C20,SKU16,0.8807970779778824
11,C20,SKU30,0.11920292202211755
11,C20,SKU47,0.8807970779778824
11,C20,SKU56,0.8807970779778824
11,C20,SKU41,0.8807970779778824
11,C20,SKU52,0.8807970779778824
11,C20,SKU84,0.8807970779778824
11,C20,SKU84,0.8807970779778824
11,C20,SKU84,0.8807970779778824
11,C20,SKU48,0.8807970779778824
11,C20,SKU23,0.8807970779778824
11,C20,SKU67,0.8807970779778824
11,C20,SKU72,0.8807970779778824
11,C20,SKU58,0.8807970779778824
11,C20,SKU17,0.8807970779778824
11,C20,SKU10,0.11920292202211755
11,C20,SKU5,0.8807970779778824
11,C20,SKU13,0.8807970779778824
11,C20,SKU89,0.8807970779778824
11,C20,SKU66,0.8807970779778824
11,C20,SKU40,0.8807970779778824
11,C20,SKU86,0.11920292202211755
11,C20,SKU37,0.8807970779778824
11,C20,SKU9,0.8807970779778824
11,C21,SKU94,0.8807970779778824
11,C21,SKU94,0.8807970779778824
11,C21,SKU70,0.8807970779778824
11,C21,SKU3,0.11920292202211755
11,C21,SKU35,0.8807970779778824
11,C21,SKU49,0.8807970779778824
11,C21,SKU26,0.8807970779778824
11,C21,SKU29,0.8807970779778824
11,C21,SKU69,0.8807970779778824
11,C21,SKU69,0.8807970779778824
11,C21,SKU74,0.8807970779778824
11,C21,SKU74,0.8807970779778824
11,C21,SKU93,0.8807970779778824
11,C21,SKU93,0.8807970779778824
11,C21,SKU63,0.8807970779778824
11,C21,SKU12,0.8807970779778824
11,C21,SKU77,0.8807970779778824
11,C21,SKU90,0.8807970779778824
11,C21,SKU50,0.8807970779778824
11,C21,SKU50,0.8807970779778824
11,C21,SKU62,0.8807970779778824
11,C21,SKU92,0.8807970779778824
11,C21,SKU34,0.8807970779778824
11,C21,SKU34,0.8807970779778824
11,C21,SKU64,0.8807970779778824
11,C21,SKU53,0.8807970779778824
11,C21,SKU8,0.8807970779778824
11,C21,SKU41,0.8807970779778824
11,C21,SKU96,0.8807970779778824
11,C21,SKU88,0.8807970779778824
11,C21,SKU87,0.8807970779778824
11,C21,SKU87,0.8807970779778824
11,C21,SKU28,0.8807970779778824
11,C21,SKU14,0.8807970779778824
11,C21,SKU6,0.8807970779778824
11,C21,SKU72,0.8807970779778824
11,C21,SKU17,0.8807970779778824
11,C21,SKU17,0.8807970779778824
11,C21,SKU76,0.8807970779778824
11,C21,SKU76,0.8807970779778824
11,C21,SKU38,0.8807970779778824
11,C21,SKU20,0.11920292202211755
11,C21,SKU95,0.8807970779778824
11,C21,SKU27,0.8807970779778824
11,C21,SKU13,0.8807970779778824
11,C21,SKU57,0.8807970779778824
11,C21,SKU71,0.8807970779778824
11,C21,SKU66,0.8807970779778824
11,C21,SKU89,0.11920292202211755
11,C21,SKU2,0.8807970779778824
11,C21,SKU44,0.8807970779778824
11,C21,SKU11,0.8807970779778824
11,C22,SKU94,0.8807970779778824
11,C22,SKU94,0.8807970779778824
11,C22,SKU18,0.8807970779778824
11,C22,SKU36,0.8807970779778824
11,C22,SKU46,0.8807970779778824
11,C22,SKU26,0.8807970779778824
11,C22,SKU99,0.8807970779778824
11,C22,SKU31,0.8807970779778824
11,C22,SKU31,0.8807970779778824
11,C22,SKU93,0.8807970779778824
11,C22,SKU65,0.8807970779778824
11,C22,SKU63,0.11920292202211755
11,C22,SKU12,0.11920292202211755
11,C22,SKU60,0.8807970779778824
11,C22,SKU73,0.8807970779778824
11,C22,SKU73,0.8807970779778824
11,C22,SKU21,0.8807970779778824
11,C22,SKU62,0.8807970779778824
11,C22,SKU34,0.11920292202211755
11,C22,SKU64,0.8807970779778824
11,C22,SKU53,0.8807970779778824
11,C22,SKU15,0.8807970779778824
11,C22,SKU16,0.8807970779778824
11,C22,SKU30,0.8807970779778824
11,C22,SKU56,0.8807970779778824
11,C22,SKU8,0.8807970779778824
11,C22,SKU25,0.8807970779778824
11,C22,SKU25,0.8807970779778824
11,C22,SKU25,0.8807970779778824
11,C22,SKU96,0.8807970779778824
11,C22,SKU48,0.8807970779778824
11,C22,SKU80,0.8807970779778824
11,C22,SKU87,0.8807970779778824
11,C22,SKU87,0.8807970779778824
11,C22,SKU33,0.11920292202211755
11,C22,SKU82,0.11920292202211755
11,C22,SKU17,0.8807970779778824
11,C22,SKU38,0.8807970779778824
11,C22,SKU38,0.8807970779778824
11,C22,SKU20,0.8807970779778824
11,C22,SKU66,0.8807970779778824
11,C22,SKU32,0.8807970779778824
11,C22,SKU32,0.8807970779778824
11,C22,SKU86,0.11920292202211755
11,C22,SKU44,0.8807970779778824
11,C22,SKU44,0.8807970779778824
11,C22,SKU75,0.8807970779778824
11,C23,SKU18,0.8807970779778824
11,C23,SKU35,0.8807970779778824
11,C23,SKU35,0.8807970779778824
11,C23,SKU35,0.8807970779778824
11,C23,SKU42,0.8807970779778824
11,C23,SKU83,0.8807970779778824
11,C23,SKU69,0.8807970779778824
11,C23,SKU24,0.8807970779778824
11,C23,SKU78,0.8807970779778824
11,C23,SKU78,0.8807970779778824
11,C23,SKU63,0.8807970779778824
11,C23,SKU63,0.8807970779778824
11,C23,SKU93,0.8807970779778824
11,C23,SKU97,0.8807970779778824
11,C23,SKU65,0.11920292202211755
11,C23,SKU90,0.8807970779778824
11,C23,SKU50,0.8807970779778824
11,C23,SKU34,0.8807970779778824
11,C23,SKU53,0.8807970779778824
11,C23,SKU16,0.8807970779778824
11,C23,SKU91,0.8807970779778824
11,C23,SKU30,0.8807970779778824
11,C23,SKU56,0.8807970779778824
11,C23,SKU8,0.11920292202211755
11,C23,SKU41,0.8807970779778824
11,C23,SKU88,0.8807970779778824
11,C23,SKU88,0.8807970779778824
11,C23,SKU84,0.8807970779778824
11,C23,SKU48,0.8807970779778824
11,C23,SKU100,0.8807970779778824
11,C23,SKU28,0.8807970779778824
11,C23,SKU23,0.8807970779778824
11,C23,SKU67,0.8807970779778824
11,C23,SKU39,0.8807970779778824
11,C23,SKU17,0.8807970779778824
11,C23,SKU76,0.8807970779778824
11,C23,SKU55,0.8807970779778824
11,C23,SKU27,0.8807970779778824
11,C23,SKU5,0.8807970779778824
11,C23,SKU22,0.8807970779778824
11,C23,SKU57,0.11920292202211755
11,C23,SKU32,0.8807970779778824
11,C23,SKU79,0.8807970779778824
11,C23,SKU75,0.8807970779778824
11,C24,SKU7,0.8807970779778824
11,C24,SKU94,0.8807970779778824
11,C24,SKU94,0.8807970779778824
11,C24,SKU3,0.8807970779778824
11,C24,SKU3,0.8807970779778824
11,C24,SKU36,0.8807970779778824
11,C24,SKU35,0.8807970779778824
11,C24,SKU46,0.8807970779778824
11,C24,SKU26,0.8807970779778824
11,C24,SKU37,0.8807970779778824
11,C24,SKU69,0.8807970779778824
11,C24,SKU69,0.8807970779778824
11,C24,SKU83,0.8807970779778824
11,C24,SKU74,0.8807970779778824
11,C24,SKU74,0.8807970779778824
11,C24,SKU93,0.8807970779778824
11,C24,SKU97,0.8807970779778824
11,C24,SKU97,0.8807970779778824
11,C24,SKU12,0.8807970779778824
11,C24,SKU65,0.8807970779778824
11,C24,SKU77,0.8807970779778824
11,C24,SKU63,0.11920292202211755
11,C24,SKU73,0.8807970779778824
11,C24,SKU50,0.8807970779778824
11,C24,SKU34,0.8807970779778824
11,C24,SKU68,0.8807970779778824
11,C24,SKU47,0.8807970779778824
11,C24,SKU47,0.8807970779778824
11,C24,SKU8,0.11920292202211755
11,C24,SKU25,0.8807970779778824
11,C24,SKU52,0.8807970779778824
11,C24,SKU88,0.8807970779778824
11,C24,SKU80,0.8807970779778824
11,C24,SKU87,0.8807970779778824
11,C24,SKU28,0.8807970779778824
11,C24,SKU100,0.8807970779778824
11,C24,SKU82,0.8807970779778824
11,C24,SKU82,0.8807970779778824
11,C24,SKU39,0.8807970779778824
11,C24,SKU17,0.8807970779778824
11,C24,SKU20,0.8807970779778824
11,C24,SKU95,0.11920292202211755
11,C24,SKU5,0.8807970779778824
11,C24,SKU57,0.8807970779778824
11,C24,SKU57,0.8807970779778824
11,C24,SKU57,0.8807970779778824
11,C24,SKU43,0.8807970779778824
11,C24,SKU66,0.8807970779778824
11,C24,SKU85,0.8807970779778824
11,C24,SKU85,0.8807970779778824
11,C24,SKU51,0.8807970779778824
11,C24,SKU86,0.8807970779778824
11,C24,SKU61,0.11920292202211755
11,C24,SKU11,0.8807970779778824
11,C25,SKU7,0.8807970779778824
11,C25,SKU18,0.8807970779778824
11,C25,SKU36,0.8807970779778824
11,C25,SKU3,0.8807970779778824
11,C25,SKU49,0.8807970779778824
11,C25,SKU49,0.8807970779778824
11,C25,SKU46,0.11920292202211755
11,C25,SKU37,0.8807970779778824
11,C25,SKU45,0.8807970779778824
11,C25,SKU45,0.8807970779778824
11,C25,SKU29,0.8807970779778824
11,C25,SKU31,0.8807970779778824
11,C25,SKU93,0.8807970779778824
11,C25,SKU93,0.8807970779778824
11,C25,SKU97,0.8807970779778824
11,C25,SKU63,0.8807970779778824
11,C25,SKU62,0.8807970779778824
11,C25,SKU34,0.11920292202211755
11,C25,SKU47,0.8807970779778824
11,C25,SKU47,0.8807970779778824
11,C25,SKU8,0.8807970779778824
11,C25,SKU41,0.8807970779778824
11,C25,SKU54,0.8807970779778824
11,C25,SKU33,0.8807970779778824
11,C25,SKU80,0.8807970779778824
11,C25,SKU100,0.8807970779778824
11,C25,SKU100,0.8807970779778824
11,C25,SKU48,0.8807970779778824
11,C25,SKU48,0.8807970779778824
11,C25,SKU72,0.8807970779778824
11,C25,SKU67,0.8807970779778824
11,C25,SKU39,0.8807970779778824
11,C25,SKU58,0.8807970779778824
11,C25,SKU17,0.11920292202211755
11,C25,SKU10,0.8807970779778824
11,C25,SKU27,0.8807970779778824
11,C25,SKU43,0.11920292202211755
11,C25,SKU89,0.8807970779778824
11,C25,SKU85,0.8807970779778824
11,C25,SKU79,0.8807970779778824
11,C25,SKU79,0.8807970779778824
11,C25,SKU2,0.8807970779778824
11,C25,SKU11,0.8807970779778824
11,C25,SKU75,0.8807970779778824
11,C26,SKU94,0.8807970779778824
11,C26,SKU70,0.8807970779778824
11,C26,SKU49,0.8807970779778824
11,C26,SKU49,0.8807970779778824
11,C26,SKU26,0.8807970779778824
11,C26,SKU45,0.8807970779778824
11,C26,SKU45,0.8807970779778824
11,C26,SKU45,0.8807970779778824
11,C26,SKU83,0.8807970779778824
11,C26,SKU24,0.8807970779778824
11,C26,SKU99,0.8807970779778824
11,C26,SKU93,0.8807970779778824
11,C26,SKU77,0.8807970779778824
11,C26,SKU44,0.8807970779778824
11,C26,SKU53,0.8807970779778824
11,C26,SKU81,0.8807970779778824
11,C26,SKU81,0.8807970779778824
11,C26,SKU91,0.8807970779778824
11,C26,SKU91,0.8807970779778824
11,C26,SKU30,0.11920292202211755
11,C26,SKU98,0.11920292202211755
11,C26,SKU56,0.8807970779778824
11,C26,SKU8,0.8807970779778824
11,C26,SKU4,0.8807970779778824
11,C26,SKU88,0.8807970779778824
11,C26,SKU54,0.8807970779778824
11,C26,SKU80,0.8807970779778824
11,C26,SKU14,0.8807970779778824
11,C26,SKU72,0.8807970779778824
11,C26,SKU6,0.8807970779778824
11,C26,SKU67,0.11920292202211755
11,C26,SKU58,0.8807970779778824
11,C26,SKU17,0.8807970779778824
11,C26,SKU76,0.8807970779778824
11,C26,SKU55,0.8807970779778824
11,C26,SKU5,0.8807970779778824
11,C26,SKU13,0.8807970779778824
11,C26,SKU22,0.11920292202211755
11,C26,SKU59,0.8807970779778824
11,C26,SKU2,0.8807970779778824
11,C26,SKU61,0.8807970779778824
11,C26,SKU61,0.8807970779778824
11,C27,SKU94,0.11920292202211755
11,C27,SKU36,0.8807970779778824
11,C27,SKU35,0.8807970779778824
11,C27,SKU49,0.8807970779778824
11,C27,SKU24,0.11920292202211755
11,C27,SKU99,0.8807970779778824
11,C27,SKU99,0.8807970779778824
11,C27,SKU93,0.8807970779778824
11,C27,SKU78,0.8807970779778824
11,C27,SKU12,0.8807970779778824
11,C27,SKU12,0.8807970779778824
11,C27,SKU65,0.8807970779778824
11,C27,SKU77,0.8807970779778824
11,C27,SKU90,0.8807970779778824
11,C27,SKU60,0.8807970779778824
11,C27,SKU73,0.8807970779778824
11,C27,SKU34,0.8807970779778824
11,C27,SKU53,0.11920292202211755
11,C27,SKU30,0.8807970779778824
11,C27,SKU68,0.8807970779778824
11,C27,SKU68,0.8807970779778824
11,C27,SKU8,0.8807970779778824
11,C27,SKU84,0.8807970779778824
11,C27,SKU80,0.8807970779778824
11,C27,SKU100,0.8807970779778824
11,C27,SKU87,0.11920292202211755
11,C27,SKU23,0.8807970779778824
11,C27,SKU38,0.8807970779778824
11,C27,SKU95,0.8807970779778824
11,C27,SKU55,0.8807970779778824
11,C27,SKU55,0.8807970779778824
11,C27,SKU5,0.8807970779778824
11,C27,SKU57,0.8807970779778824
11,C27,SKU43,0.8807970779778824
11,C27,SKU43,0.8807970779778824
11,C27,SKU71,0.11920292202211755
11,C27,SKU89,0.8807970779778824
11,C27,SKU66,0.8807970779778824
11,C27,SKU85,0.11920292202211755
11,C27,SKU79,0.8807970779778824
11,C27,SKU11,0.8807970779778824
11,C27,SKU11,0.8807970779778824
11,C27,SKU9,0.8807970779778824
11,C28,SKU94,0.11920292202211755
11,C28,SKU70,0.8807970779778824
11,C28,SKU69,0.8807970779778824
11,C28,SKU19,0.11920292202211755
11,C28,SKU24,0.11920292202211755
11,C28,SKU31,0.8807970779778824
11,C28,SKU31,0.8807970779778824
11,C28,SKU31,0.8807970779778824
11,C28,SKU78,0.8807970779778824
11,C28,SKU97,0.8807970779778824
11,C28,SKU63,0.8807970779778824
11,C28,SKU65,0.11920292202211755
11,C28,SKU90,0.8807970779778824
11,C28,SKU60,0.8807970779778824
11,C28,SKU21,0.8807970779778824
11,C28,SKU53,0.11920292202211755
11,C28,SKU15,0.8807970779778824
11,C28,SKU16,0.8807970779778824
11,C28,SKU68,0.8807970779778824
11,C28,SKU91,0.8807970779778824
11,C28,SKU30,0.11920292202211755
11,C28,SKU56,0.11920292202211755
11,C28,SKU54,0.8807970779778824
11,C28,SKU48,0.8807970779778824
11,C28,SKU28,0.8807970779778824
11,C28,SKU82,0.8807970779778824
11,C28,SKU58,0.8807970779778824
11,C28,SKU38,0.8807970779778824
11,C28,SKU38,0.8807970779778824
11,C28,SKU95,0.11920292202211755
11,C28,SKU5,0.8807970779778824
11,C28,SKU43,0.8807970779778824
11,C28,SKU86,0.8807970779778824
11,C28,SKU86,0.8807970779778824
11,C28,SKU75,0.8807970779778824
11,C29,SKU94,0.11920292202211755
11,C29,SKU70,0.8807970779778824
11,C29,SKU35,0.8807970779778824
11,C29,SKU26,0.8807970779778824
11,C29,SKU29,0.8807970779778824
11,C29,SKU83,0.8807970779778824
11,C29,SKU24,0.8807970779778824
11,C29,SKU93,0.8807970779778824
11,C29,SKU90,0.8807970779778824
11,C29,SKU73,0.8807970779778824
11,C29,SKU53,0.8807970779778824
11,C29,SKU16,0.8807970779778824
11,C29,SKU30,0.11920292202211755
11,C29,SKU98,0.8807970779778824
11,C29,SKU8,0.8807970779778824
11,C29,SKU41,0.8807970779778824
11,C29,SKU25,0.8807970779778824
11,C29,SKU96,0.8807970779778824
11,C29,SKU84,0.8807970779778824
11,C29,SKU84,0.8807970779778824
11,C29,SKU88,0.8807970779778824
11,C29,SKU33,0.8807970779778824
11,C29,SKU48,0.11920292202211755
11,C29,SKU87,0.8807970779778824
11,C29,SKU82,0.8807970779778824
11,C29,SKU67,0.8807970779778824
11,C29,SKU39,0.8807970779778824
11,C29,SKU58,0.8807970779778824
11,C29,SKU58,0.8807970779778824
11,C29,SKU58,0.8807970779778824
11,C29,SKU76,0.11920292202211755
11,C29,SKU10,0.8807970779778824
11,C29,SKU5,0.8807970779778824
11,C29,SKU13,0.11920292202211755
11,C29,SKU43,0.8807970779778824
11,C29,SKU66,0.11920292202211755
11,C29,SKU32,0.8807970779778824
11,C29,SKU85,0.8807970779778824
11,C29,SKU51,0.8807970779778824
11,C29,SKU11,0.8807970779778824
11,C29,SKU11,0.8807970779778824
11,C30,SKU7,0.8807970779778824
11,C30,SKU94,0.11920292202211755
11,C30,SKU18,0.8807970779778824
11,C30,SKU49,0.8807970779778824
11,C30,SKU45,0.8807970779778824
11,C30,SKU69,0.8807970779778824
11,C30,SKU24,0.8807970779778824
11,C30,SKU24,0.8807970779778824
11,C30,SKU78,0.8807970779778824
11,C30,SKU97,0.8807970779778824
11,C30,SKU63,0.8807970779778824
11,C30,SKU12,0.8807970779778824
11,C30,SKU62,0.8807970779778824
11,C30,SKU92,0.8807970779778824
11,C30,SKU34,0.8807970779778824
11,C30,SKU53,0.11920292202211755
11,C30,SKU81,0.8807970779778824
11,C30,SKU30,0.11920292202211755
11,C30,SKU47,0.8807970779778824
11,C30,SKU47,0.8807970779778824
11,C30,SKU56,0.8807970779778824
11,C30,SKU25,0.8807970779778824
11,C30,SKU52,0.11920292202211755
11,C30,SKU84,0.8807970779778824
11,C30,SKU84,0.8807970779778824
11,C30,SKU88,0.8807970779778824
11,C30,SKU100,0.8807970779778824
11,C30,SKU14,0.8807970779778824
11,C30,SKU72,0.8807970779778824
11,C30,SKU39,0.8807970779778824
11,C30,SKU39,0.8807970779778824
11,C30,SKU20,0.11920292202211755
11,C30,SKU55,0.8807970779778824
11,C30,SKU95,0.8807970779778824
11,C30,SKU5,0.11920292202211755
11,C30,SKU13,0.8807970779778824
11,C30,SKU57,0.8807970779778824
11,C30,SKU57,0.8807970779778824
11,C30,SKU66,0.8807970779778824
11,C30,SKU32,0.8807970779778824
11,C30,SKU32,0.8807970779778824
11,C30,SKU32,0.8807970779778824
11,C30,SKU59,0.11920292202211755
11,C30,SKU1,0.8807970779778824
11,C30,SKU2,0.8807970779778824
11,C30,SKU37,0.8807970779778824
11,C31,SKU94,0.11920292202211755
11,C31,SKU70,0.8807970779778824
11,C31,SKU3,0.8807970779778824
11,C31,SKU36,0.8807970779778824
11,C31,SKU42,0.8807970779778824
11,C31,SKU26,0.8807970779778824
11,C31,SKU29,0.8807970779778824
11,C31,SKU69,0.8807970779778824
11,C31,SKU24,0.8807970779778824
11,C31,SKU99,0.8807970779778824
11,C31,SKU97,0.8807970779778824
11,C31,SKU65,0.8807970779778824
11,C31,SKU63,0.8807970779778824
11,C31,SKU50,0.8807970779778824
11,C31,SKU21,0.8807970779778824
11,C31,SKU53,0.11920292202211755
11,C31,SKU16,0.8807970779778824
11,C31,SKU30,0.11920292202211755
11,C31,SKU98,0.8807970779778824
11,C31,SKU98,0.8807970779778824
11,C31,SKU41,0.8807970779778824
11,C31,SKU4,0.8807970779778824
11,C31,SKU4,0.8807970779778824
11,C31,SKU96,0.8807970779778824
11,C31,SKU25,0.8807970779778824
11,C31,SKU48,0.8807970779778824
11,C31,SKU14,0.8807970779778824
11,C31,SKU23,0.8807970779778824
11,C31,SKU6,0.8807970779778824
11,C31,SKU67,0.8807970779778824
11,C31,SKU72,0.8807970779778824
11,C31,SKU58,0.8807970779778824
11,C31,SKU20,0.8807970779778824
11,C31,SKU27,0.8807970779778824
11,C31,SKU5,0.11920292202211755
11,C31,SKU22,0.8807970779778824
11,C31,SKU22,0.8807970779778824
11,C31,SKU13,0.11920292202211755
11,C31,SKU57,0.11920292202211755
11,C31,SKU71,0.8807970779778824
11,C31,SKU66,0.8807970779778824
11,C31,SKU89,0.8807970779778824
11,C31,SKU40,0.8807970779778824
11,C31,SKU79,0.8807970779778824
11,C31,SKU2,0.8807970779778824
11,C31,SKU61,0.8807970779778824
11,C31,SKU37,0.8807970779778824
11,C31,SKU9,0.8807970779778824
11,C32,SKU94,0.8807970779778824
11,C32,SKU70,0.8807970779778824
11,C32,SKU19,0.8807970779778824
11,C32,SKU74,0.11920292202211755
11,C32,SKU24,0.8807970779778824
11,C32,SKU24,0.8807970779778824
11,C32,SKU31,0.8807970779778824
11,C32,SKU31,0.8807970779778824
11,C32,SKU31,0.8807970779778824
11,C32,SKU99,0.8807970779778824
11,C32,SKU63,0.8807970779778824
11,C32,SKU63,0.8807970779778824
11,C32,SKU65,0.11920292202211755
11,C32,SKU77,0.8807970779778824
11,C32,SKU77,0.8807970779778824
11,C32,SKU60,0.8807970779778824
11,C32,SKU73,0.8807970779778824
11,C32,SKU21,0.8807970779778824
11,C32,SKU92,0.8807970779778824
11,C32,SKU34,0.8807970779778824
11,C32,SKU53,0.11920292202211755
11,C32,SKU15,0.8807970779778824
11,C32,SKU68,0.8807970779778824
11,C32,SKU30,0.11920292202211755
11,C32,SKU47,0.8807970779778824
11,C32,SKU4,0.8807970779778824
11,C32,SKU96,0.8807970779778824
11,C32,SKU25,0.8807970779778824
11,C32,SKU80,0.8807970779778824
11,C32,SKU87,0.11920292202211755
11,C32,SKU23,0.8807970779778824
11,C32,SKU58,0.11920292202211755
11,C32,SKU38,0.8807970779778824
11,C32,SKU55,0.8807970779778824
11,C32,SKU5,0.8807970779778824
11,C32,SKU22,0.8807970779778824
11,C32,SKU22,0.8807970779778824
11,C32,SKU43,0.8807970779778824
11,C32,SKU71,0.8807970779778824
11,C32,SKU66,0.8807970779778824
11,C32,SKU89,0.8807970779778824
11,C32,SKU40,0.8807970779778824
11,C32,SKU40,0.8807970779778824
11,C32,SKU61,0.8807970779778824
11,C33,SKU70,0.8807970779778824
11,C33,SKU18,0.8807970779778824
11,C33,SKU3,0.8807970779778824
11,C33,SKU26,0.8807970779778824
11,C33,SKU99,0.8807970779778824
11,C33,SKU99,0.8807970779778824
11,C33,SKU31,0.8807970779778824
11,C33,SKU31,0.8807970779778824
11,C33,SKU63,0.11920292202211755
11,C33,SKU97,0.8807970779778824
11,C33,SKU93,0.11920292202211755
11,C33,SKU77,0.8807970779778824
11,C33,SKU73,0.8807970779778824
11,C33,SKU21,0.8807970779778824
11,C33,SKU21,0.8807970779778824
11,C33,SKU21,0.8807970779778824
11,C33,SKU34,0.11920292202211755
11,C33,SKU91,0.8807970779778824
11,C33,SKU98,0.8807970779778824
11,C33,SKU8,0.11920292202211755
11,C33,SKU96,0.8807970779778824
11,C33,SKU25,0.8807970779778824
11,C33,SKU54,0.8807970779778824
11,C33,SKU48,0.8807970779778824
11,C33,SKU14,0.11920292202211755
11,C33,SKU17,0.11920292202211755
11,C33,SKU76,0.11920292202211755
11,C33,SKU20,0.11920292202211755
11,C33,SKU71,0.8807970779778824
11,C34,SKU94,0.8807970779778824
11,C34,SKU46,0.8807970779778824
11,C34,SKU49,0.8807970779778824
11,C34,SKU42,0.8807970779778824
11,C34,SKU11,0.8807970779778824
11,C34,SKU19,0.8807970779778824
11,C34,SKU19,0.8807970779778824
11,C34,SKU24,0.11920292202211755
11,C34,SKU63,0.8807970779778824
11,C34,SKU79,0.8807970779778824
11,C34,SKU90,0.8807970779778824
11,C34,SKU60,0.8807970779778824
11,C34,SKU50,0.8807970779778824
11,C34,SKU62,0.8807970779778824
11,C34,SKU21,0.8807970779778824
11,C34,SKU53,0.11920292202211755
11,C34,SKU30,0.11920292202211755
11,C34,SKU56,0.8807970779778824
11,C34,SKU56,0.8807970779778824
11,C34,SKU96,0.8807970779778824
11,C34,SKU88,0.8807970779778824
11,C34,SKU54,0.8807970779778824
11,C34,SKU48,0.8807970779778824
11,C34,SKU48,0.8807970779778824
11,C34,SKU80,0.8807970779778824
11,C34,SKU100,0.8807970779778824
11,C34,SKU100,0.8807970779778824
11,C34,SKU82,0.8807970779778824
11,C34,SKU72,0.8807970779778824
11,C34,SKU39,0.11920292202211755
11,C34,SKU38,0.8807970779778824
11,C34,SKU76,0.8807970779778824
11,C34,SKU20,0.8807970779778824
11,C34,SKU5,0.11920292202211755
11,C34,SKU13,0.8807970779778824
11,C34,SKU57,0.8807970779778824
11,C34,SKU1,0.8807970779778824
11,C34,SKU61,0.8807970779778824
11,C34,SKU51,0.8807970779778824
11,C34,SKU44,0.8807970779778824
11,C34,SKU37,0.8807970779778824
11,C34,SKU9,0.8807970779778824
11,C35,SKU7,0.11920292202211755
11,C35,SKU94,0.8807970779778824
11,C35,SKU18,0.8807970779778824
11,C35,SKU36,0.8807970779778824
11,C35,SKU49,0.8807970779778824
11,C35,SKU42,0.8807970779778824
11,C35,SKU83,0.8807970779778824
11,C35,SKU99,0.8807970779778824
11,C35,SKU93,0.11920292202211755
11,C35,SKU97,0.8807970779778824
11,C35,SKU63,0.11920292202211755
11,C35,SKU60,0.8807970779778824
11,C35,SKU73,0.8807970779778824
11,C35,SKU92,0.8807970779778824
11,C35,SKU92,0.8807970779778824
11,C35,SKU34,0.11920292202211755
11,C35,SKU81,0.8807970779778824
11,C35,SKU16,0.8807970779778824
11,C35,SKU8,0.8807970779778824
11,C35,SKU88,0.8807970779778824
11,C35,SKU100,0.8807970779778824
11,C35,SKU87,0.8807970779778824
11,C35,SKU14,0.8807970779778824
11,C35,SKU14,0.8807970779778824
11,C35,SKU82,0.8807970779778824
11,C35,SKU17,0.11920292202211755
11,C35,SKU76,0.8807970779778824
11,C35,SKU95,0.8807970779778824
11,C35,SKU95,0.8807970779778824
11,C35,SKU27,0.11920292202211755
11,C35,SKU5,0.8807970779778824
11,C35,SKU13,0.8807970779778824
11,C35,SKU13,0.8807970779778824
11,C35,SKU57,0.8807970779778824
11,C35,SKU71,0.8807970779778824
11,C35,SKU71,0.8807970779778824
11,C35,SKU85,0.8807970779778824
11,C35,SKU40,0.8807970779778824
11,C35,SKU1,0.8807970779778824
11,C35,SKU79,0.8807970779778824
11,C35,SKU86,0.8807970779778824
11,C35,SKU61,0.8807970779778824
11,C35,SKU37,0.8807970779778824
11,C35,SKU75,0.8807970779778824
11,C35,SKU9,0.8807970779778824
11,C35,SKU9,0.8807970779778824
11,C36,SKU36,0.8807970779778824
11,C36,SKU36,0.8807970779778824
11,C36,SKU42,0.8807970779778824
11,C36,SKU37,0.8807970779778824
11,C36,SKU37,0.8807970779778824
11,C36,SKU69,0.8807970779778824
11,C36,SKU45,0.8807970779778824
11,C36,SKU74,0.8807970779778824
11,C36,SKU24,0.8807970779778824
11,C36,SKU78,0.8807970779778824
11,C36,SKU63,0.8807970779778824
11,C36,SKU63,0.8807970779778824
11,C36,SKU93,0.8807970779778824
11,C36,SKU77,0.8807970779778824
11,C36,SKU90,0.8807970779778824
11,C36,SKU62,0.11920292202211755
11,C36,SKU34,0.11920292202211755
11,C36,SKU53,0.8807970779778824
11,C36,SKU15,0.8807970779778824
11,C36,SKU81,0.8807970779778824
11,C36,SKU81,0.8807970779778824
11,C36,SKU68,0.11920292202211755
11,C36,SKU47,0.8807970779778824
11,C36,SKU56,0.11920292202211755
11,C36,SKU8,0.8807970779778824
11,C36,SKU25,0.8807970779778824
11,C36,SKU25,0.8807970779778824
11,C36,SKU25,0.8807970779778824
11,C36,SKU80,0.8807970779778824
11,C36,SKU14,0.8807970779778824
11,C36,SKU14,0.8807970779778824
11,C36,SKU82,0.8807970779778824
11,C36,SKU17,0.8807970779778824
11,C36,SKU76,0.8807970779778824
11,C36,SKU38,0.8807970779778824
11,C36,SKU95,0.8807970779778824
11,C36,SKU55,0.8807970779778824
11,C36,SKU10,0.8807970779778824
11,C36,SKU5,0.8807970779778824
11,C36,SKU43,0.8807970779778824
11,C36,SKU89,0.8807970779778824
11,C36,SKU89,0.8807970779778824
11,C36,SKU40,0.8807970779778824
11,C36,SKU1,0.8807970779778824
11,C36,SKU11,0.8807970779778824
11,C36,SKU75,0.8807970779778824
11,C36,SKU9,0.11920292202211755
11,C37,SKU94,0.11920292202211755
11,C37,SKU18,0.11920292202211755
11,C37,SKU49,0.8807970779778824
11,C37,SKU69,0.8807970779778824
11,C37,SKU74,0.11920292202211755
11,C37,SKU24,0.8807970779778824
11,C37,SKU24,0.8807970779778824
11,C37,SKU78,0.11920292202211755
11,C37,SKU90,0.8807970779778824
11,C37,SKU92,0.8807970779778824
11,C37,SKU34,0.8807970779778824
11,C37,SKU53,0.8807970779778824
11,C37,SKU16,0.8807970779778824
11,C37,SKU30,0.8807970779778824
11,C37,SKU98,0.8807970779778824
11,C37,SKU56,0.8807970779778824
11,C37,SKU25,0.8807970779778824
11,C37,SKU80,0.8807970779778824
11,C37,SKU82,0.8807970779778824
11,C37,SKU58,0.8807970779778824
11,C37,SKU38,0.8807970779778824
11,C37,SKU20,0.8807970779778824
11,C37,SKU76,0.8807970779778824
11,C37,SKU55,0.8807970779778824
11,C37,SKU5,0.8807970779778824
11,C37,SKU32,0.11920292202211755
11,C37,SKU59,0.8807970779778824
11,C37,SKU40,0.8807970779778824
11,C37,SKU51,0.8807970779778824
11,C37,SKU86,0.8807970779778824
11,C37,SKU44,0.8807970779778824
11,C38,SKU7,0.11920292202211755
11,C38,SKU94,0.11920292202211755
11,C38,SKU70,0.8807970779778824
11,C38,SKU29,0.8807970779778824
11,C38,SKU24,0.11920292202211755
11,C38,SKU93,0.8807970779778824
11,C38,SKU97,0.8807970779778824
11,C38,SKU90,0.11920292202211755
11,C38,SKU50,0.8807970779778824
11,C38,SKU92,0.8807970779778824
11,C38,SKU92,0.8807970779778824
11,C38,SKU64,0.8807970779778824
11,C38,SKU53,0.8807970779778824
11,C38,SKU15,0.8807970779778824
11,C38,SKU81,0.8807970779778824
11,C38,SKU30,0.8807970779778824
11,C38,SKU98,0.8807970779778824
11,C38,SKU47,0.8807970779778824
11,C38,SKU25,0.8807970779778824
11,C38,SKU33,0.8807970779778824
11,C38,SKU48,0.8807970779778824
11,C38,SKU100,0.8807970779778824
11,C38,SKU28,0.8807970779778824
11,C38,SKU28,0.8807970779778824
11,C38,SKU14,0.8807970779778824
11,C38,SKU23,0.8807970779778824
11,C38,SKU72,0.8807970779778824
11,C38,SKU39,0.8807970779778824
11,C38,SKU58,0.8807970779778824
11,C38,SKU10,0.8807970779778824
11,C38,SKU27,0.11920292202211755
11,C38,SKU5,0.11920292202211755
11,C38,SKU13,0.8807970779778824
11,C38,SKU57,0.8807970779778824
11,C38,SKU71,0.8807970779778824
11,C38,SKU85,0.8807970779778824
11,C38,SKU40,0.8807970779778824
11,C38,SKU40,0.8807970779778824
11,C38,SKU44,0.8807970779778824
11,C38,SKU75,0.8807970779778824
11,C39,SKU46,0.8807970779778824
11,C39,SKU49,0.11920292202211755
11,C39,SKU69,0.8807970779778824
11,C39,SKU83,0.8807970779778824
11,C39,SKU29,0.8807970779778824
11,C39,SKU93,0.8807970779778824
11,C39,SKU78,0.8807970779778824
11,C39,SKU12,0.8807970779778824
11,C39,SKU97,0.8807970779778824
11,C39,SKU63,0.11920292202211755
11,C39,SKU90,0.8807970779778824
11,C39,SKU21,0.8807970779778824
11,C39,SKU62,0.8807970779778824
11,C39,SKU92,0.8807970779778824
11,C39,SKU34,0.11920292202211755
11,C39,SKU64,0.8807970779778824
11,C39,SKU15,0.8807970779778824
11,C39,SKU47,0.8807970779778824
11,C39,SKU56,0.8807970779778824
11,C39,SKU56,0.8807970779778824
11,C39,SKU8,0.11920292202211755
11,C39,SKU25,0.8807970779778824
11,C39,SKU52,0.8807970779778824
11,C39,SKU54,0.8807970779778824
11,C39,SKU54,0.8807970779778824
11,C39,SKU54,0.8807970779778824
11,C39,SKU33,0.8807970779778824
11,C39,SKU33,0.8807970779778824
11,C39,SKU33,0.8807970779778824
11,C39,SKU100,0.8807970779778824
11,C39,SKU14,0.8807970779778824
11,C39,SKU23,0.8807970779778824
11,C39,SKU58,0.8807970779778824
11,C39,SKU17,0.8807970779778824
11,C39,SKU17,0.8807970779778824
11,C39,SKU55,0.8807970779778824
11,C39,SKU27,0.8807970779778824
11,C39,SKU27,0.8807970779778824
11,C39,SKU5,0.8807970779778824
11,C39,SKU22,0.8807970779778824
11,C39,SKU66,0.8807970779778824
11,C39,SKU66,0.8807970779778824
11,C39,SKU66,0.8807970779778824
11,C39,SKU59,0.8807970779778824
11,C39,SKU79,0.8807970779778824
11,C39,SKU2,0.11920292202211755
11,C39,SKU37,0.8807970779778824
11,C39,SKU75,0.8807970779778824
11,C39,SKU9,0.8807970779778824
11,C40,SKU94,0.8807970779778824
11,C40,SKU36,0.8807970779778824
11,C40,SKU36,0.8807970779778824
11,C40,SKU46,0.8807970779778824
11,C40,SKU49,0.11920292202211755
11,C40,SKU26,0.8807970779778824
11,C40,SKU69,0.8807970779778824
11,C40,SKU19,0.8807970779778824
11,C40,SKU19,0.8807970779778824
11,C40,SKU24,0.11920292202211755
11,C40,SKU99,0.11920292202211755
11,C40,SKU93,0.11920292202211755
11,C40,SKU63,0.8807970779778824
11,C40,SKU77,0.8807970779778824
11,C40,SKU79,0.8807970779778824
11,C40,SKU62,0.8807970779778824
11,C40,SKU34,0.11920292202211755
11,C40,SKU91,0.8807970779778824
11,C40,SKU91,0.8807970779778824
11,C40,SKU91,0.8807970779778824
11,C40,SKU68,0.8807970779778824
11,C40,SKU8,0.11920292202211755
11,C40,SKU96,0.8807970779778824
11,C40,SKU52,0.8807970779778824
11,C40,SKU84,0.8807970779778824
11,C40,SKU33,0.8807970779778824
11,C40,SKU100,0.8807970779778824
11,C40,SKU28,0.8807970779778824
11,C40,SKU6,0.8807970779778824
11,C40,SKU20,0.8807970779778824
11,C40,SKU76,0.8807970779778824
11,C40,SKU17,0.11920292202211755
11,C40,SKU27,0.8807970779778824
11,C40,SKU71,0.8807970779778824
11,C40,SKU89,0.8807970779778824
11,C40,SKU66,0.8807970779778824
11,C40,SKU51,0.8807970779778824
11,C40,SKU51,0.8807970779778824
11,C40,SKU11,0.8807970779778824
11,C41,SKU70,0.8807970779778824
11,C41,SKU35,0.8807970779778824
11,C41,SKU26,0.8807970779778824
11,C41,SKU83,0.8807970779778824
11,C41,SKU19,0.8807970779778824
11,C41,SKU93,0.11920292202211755
11,C41,SKU63,0.11920292202211755
11,C41,SKU65,0.8807970779778824
11,C41,SKU65,0.8807970779778824
11,C41,SKU65,0.8807970779778824
11,C41,SKU12,0.11920292202211755
11,C41,SKU73,0.8807970779778824
11,C41,SKU21,0.8807970779778824
11,C41,SKU92,0.8807970779778824
11,C41,SKU34,0.8807970779778824
11,C41,SKU68,0.8807970779778824
11,C41,SKU68,0.8807970779778824
11,C41,SKU98,0.8807970779778824
11,C41,SKU8,0.11920292202211755
11,C41,SKU4,0.8807970779778824
11,C41,SKU25,0.8807970779778824
11,C41,SKU25,0.8807970779778824
11,C41,SKU25,0.8807970779778824
11,C41,SKU96,0.8807970779778824
11,C41,SKU80,0.8807970779778824
11,C41,SKU33,0.8807970779778824
11,C41,SKU100,0.8807970779778824
11,C41,SKU28,0.8807970779778824
11,C41,SKU87,0.11920292202211755
11,C41,SKU14,0.8807970779778824
11,C41,SKU23,0.8807970779778824
11,C41,SKU72,0.8807970779778824
11,C41,SKU58,0.11920292202211755
11,C41,SKU17,0.8807970779778824
11,C41,SKU38,0.8807970779778824
11,C41,SKU38,0.8807970779778824
11,C41,SKU27,0.8807970779778824
11,C41,SKU43,0.8807970779778824
11,C41,SKU43,0.8807970779778824
11,C41,SKU32,0.8807970779778824
11,C41,SKU59,0.11920292202211755
11,C41,SKU51,0.8807970779778824
11,C41,SKU51,0.8807970779778824
11,C41,SKU86,0.8807970779778824
11,C41,SKU86,0.8807970779778824
11,C41,SKU2,0.11920292202211755
11,C41,SKU44,0.8807970779778824
11,C41,SKU44,0.8807970779778824
11,C41,SKU75,0.8807970779778824
11,C42,SKU94,0.8807970779778824
11,C42,SKU46,0.8807970779778824
11,C42,SKU42,0.8807970779778824
11,C42,SKU11,0.8807970779778824
11,C42,SKU69,0.8807970779778824
11,C42,SKU83,0.8807970779778824
11,C42,SKU83,0.8807970779778824
11,C42,SKU29,0.8807970779778824
11,C42,SKU24,0.8807970779778824
11,C42,SKU93,0.8807970779778824
11,C42,SKU97,0.8807970779778824
11,C42,SKU65,0.8807970779778824
11,C42,SKU12,0.8807970779778824
11,C42,SKU77,0.8807970779778824
11,C42,SKU90,0.8807970779778824
11,C42,SKU90,0.8807970779778824
11,C42,SKU60,0.8807970779778824
11,C42,SKU62,0.8807970779778824
11,C42,SKU34,0.8807970779778824
11,C42,SKU53,0.8807970779778824
11,C42,SKU91,0.8807970779778824
11,C42,SKU91,0.8807970779778824
11,C42,SKU16,0.8807970779778824
11,C42,SKU98,0.8807970779778824
11,C42,SKU98,0.8807970779778824
11,C42,SKU30,0.11920292202211755
11,C42,SKU8,0.8807970779778824
11,C42,SKU25,0.8807970779778824
11,C42,SKU96,0.8807970779778824
11,C42,SKU96,0.8807970779778824
11,C42,SKU88,0.8807970779778824
11,C42,SKU84,0.8807970779778824
11,C42,SKU80,0.8807970779778824
11,C42,SKU80,0.8807970779778824
11,C42,SKU87,0.8807970779778824
11,C42,SKU67,0.8807970779778824
11,C42,SKU72,0.8807970779778824
11,C42,SKU38,0.8807970779778824
11,C42,SKU17,0.8807970779778824
11,C42,SKU10,0.11920292202211755
11,C42,SKU5,0.8807970779778824
11,C42,SKU57,0.11920292202211755
11,C42,SKU71,0.8807970779778824
11,C42,SKU85,0.8807970779778824
11,C42,SKU85,0.8807970779778824
11,C42,SKU79,0.11920292202211755
11,C42,SKU37,0.8807970779778824
11,C42,SKU9,0.8807970779778824
11,C43,SKU94,0.11920292202211755
11,C43,SKU18,0.8807970779778824
11,C43,SKU46,0.8807970779778824
11,C43,SKU37,0.8807970779778824
11,C43,SKU26,0.11920292202211755
11,C43,SKU69,0.8807970779778824
11,C43,SKU45,0.8807970779778824
11,C43,SKU24,0.11920292202211755
11,C43,SKU99,0.8807970779778824
11,C43,SKU78,0.8807970779778824
11,C43,SKU63,0.8807970779778824
11,C43,SKU65,0.8807970779778824
11,C43,SKU93,0.8807970779778824
11,C43,SKU73,0.8807970779778824
11,C43,SKU50,0.8807970779778824
11,C43,SKU62,0.8807970779778824
11,C43,SKU34,0.8807970779778824
11,C43,SKU64,0.8807970779778824
11,C43,SKU53,0.8807970779778824
11,C43,SKU68,0.8807970779778824
11,C43,SKU68,0.8807970779778824
11,C43,SKU30,0.8807970779778824
11,C43,SKU47,0.8807970779778824
11,C43,SKU56,0.8807970779778824
11,C43,SKU8,0.8807970779778824
11,C43,SKU4,0.8807970779778824
11,C43,SKU96,0.8807970779778824
11,C43,SKU52,0.8807970779778824
11,C43,SKU48,0.8807970779778824
11,C43,SKU80,0.8807970779778824
11,C43,SKU87,0.8807970779778824
11,C43,SKU33,0.8807970779778824
11,C43,SKU6,0.8807970779778824
11,C43,SKU72,0.8807970779778824
11,C43,SKU67,0.8807970779778824
11,C43,SKU58,0.11920292202211755
11,C43,SKU17,0.8807970779778824
11,C43,SKU38,0.8807970779778824
11,C43,SKU95,0.11920292202211755
11,C43,SKU5,0.8807970779778824
11,C43,SKU5,0.8807970779778824
11,C43,SKU22,0.8807970779778824
11,C43,SKU57,0.8807970779778824
11,C43,SKU71,0.8807970779778824
11,C43,SKU71,0.8807970779778824
11,C43,SKU32,0.8807970779778824
11,C43,SKU32,0.8807970779778824
11,C43,SKU85,0.8807970779778824
11,C43,SKU1,0.8807970779778824
11,C43,SKU51,0.8807970779778824
11,C43,SKU44,0.8807970779778824
11,C43,SKU11,0.8807970779778824
11,C44,SKU94,0.8807970779778824
11,C44,SKU18,0.8807970779778824
11,C44,SKU36,0.8807970779778824
11,C44,SKU35,0.8807970779778824
11,C44,SKU49,0.8807970779778824
11,C44,SKU83,0.8807970779778824
11,C44,SKU45,0.11920292202211755
11,C44,SKU19,0.8807970779778824
11,C44,SKU24,0.8807970779778824
11,C44,SKU93,0.11920292202211755
11,C44,SKU63,0.11920292202211755
11,C44,SKU78,0.11920292202211755
11,C44,SKU90,0.8807970779778824
11,C44,SKU92,0.8807970779778824
11,C44,SKU34,0.11920292202211755
11,C44,SKU53,0.8807970779778824
11,C44,SKU16,0.8807970779778824
11,C44,SKU16,0.8807970779778824
11,C44,SKU8,0.8807970779778824
11,C44,SKU4,0.8807970779778824
11,C44,SKU4,0.8807970779778824
11,C44,SKU25,0.8807970779778824
11,C44,SKU88,0.8807970779778824
11,C44,SKU28,0.11920292202211755
11,C44,SKU14,0.11920292202211755
11,C44,SKU67,0.8807970779778824
11,C44,SKU6,0.8807970779778824
11,C44,SKU17,0.8807970779778824
11,C44,SKU76,0.8807970779778824
11,C44,SKU10,0.8807970779778824
11,C44,SKU5,0.8807970779778824
11,C44,SKU57,0.8807970779778824
11,C44,SKU71,0.8807970779778824
11,C44,SKU85,0.8807970779778824
11,C44,SKU2,0.8807970779778824
11,C44,SKU37,0.8807970779778824
11,C45,SKU94,0.8807970779778824
11,C45,SKU18,0.8807970779778824
11,C45,SKU35,0.8807970779778824
11,C45,SKU35,0.8807970779778824
11,C45,SKU49,0.8807970779778824
11,C45,SKU46,0.11920292202211755
11,C45,SKU26,0.11920292202211755
11,C45,SKU51,0.8807970779778824
11,C45,SKU19,0.8807970779778824
11,C45,SKU24,0.8807970779778824
11,C45,SKU74,0.8807970779778824
11,C45,SKU93,0.8807970779778824
11,C45,SKU63,0.11920292202211755
11,C45,SKU90,0.8807970779778824
11,C45,SKU50,0.8807970779778824
11,C45,SKU92,0.8807970779778824
11,C45,SKU34,0.11920292202211755
11,C45,SKU64,0.8807970779778824
11,C45,SKU64,0.8807970779778824
11,C45,SKU81,0.8807970779778824
11,C45,SKU30,0.8807970779778824
11,C45,SKU68,0.8807970779778824
11,C45,SKU8,0.8807970779778824
11,C45,SKU4,0.8807970779778824
11,C45,SKU25,0.8807970779778824
11,C45,SKU52,0.8807970779778824
11,C45,SKU54,0.8807970779778824
11,C45,SKU33,0.8807970779778824
11,C45,SKU80,0.8807970779778824
11,C45,SKU14,0.8807970779778824
11,C45,SKU6,0.8807970779778824
11,C45,SKU6,0.8807970779778824
11,C45,SKU67,0.8807970779778824
11,C45,SKU67,0.8807970779778824
11,C45,SKU17,0.11920292202211755
11,C45,SKU95,0.8807970779778824
11,C45,SKU10,0.8807970779778824
11,C45,SKU27,0.8807970779778824
11,C45,SKU22,0.8807970779778824
11,C45,SKU22,0.8807970779778824
11,C45,SKU57,0.8807970779778824
11,C45,SKU43,0.8807970779778824
11,C45,SKU66,0.8807970779778824
11,C45,SKU32,0.8807970779778824
11,C45,SKU32,0.8807970779778824
11,C45,SKU40,0.8807970779778824
11,C45,SKU1,0.8807970779778824
11,C45,SKU79,0.8807970779778824
11,C45,SKU86,0.8807970779778824
11,C45,SKU61,0.8807970779778824
11,C45,SKU37,0.8807970779778824
11,C46,SKU7,0.8807970779778824
11,C46,SKU70,0.8807970779778824
11,C46,SKU18,0.8807970779778824
11,C46,SKU36,0.8807970779778824
11,C46,SKU36,0.8807970779778824
11,C46,SKU42,0.8807970779778824
11,C46,SKU26,0.8807970779778824
11,C46,SKU83,0.8807970779778824
11,C46,SKU83,0.8807970779778824
11,C46,SKU19,0.8807970779778824
11,C46,SKU31,0.8807970779778824
11,C46,SKU93,0.8807970779778824
11,C46,SKU63,0.11920292202211755
11,C46,SKU90,0.8807970779778824
11,C46,SKU50,0.8807970779778824
11,C46,SKU21,0.8807970779778824
11,C46,SKU21,0.8807970779778824
11,C46,SKU92,0.8807970779778824
11,C46,SKU92,0.8807970779778824
11,C46,SKU34,0.8807970779778824
11,C46,SKU64,0.8807970779778824
11,C46,SKU15,0.8807970779778824
11,C46,SKU81,0.8807970779778824
11,C46,SKU81,0.8807970779778824
11,C46,SKU68,0.8807970779778824
11,C46,SKU8,0.8807970779778824
11,C46,SKU8,0.8807970779778824
11,C46,SKU4,0.8807970779778824
11,C46,SKU25,0.8807970779778824
11,C46,SKU52,0.8807970779778824
11,C46,SKU84,0.8807970779778824
11,C46,SKU96,0.8807970779778824
11,C46,SKU33,0.8807970779778824
11,C46,SKU87,0.8807970779778824
11,C46,SKU23,0.8807970779778824
11,C46,SKU6,0.8807970779778824
11,C46,SKU72,0.8807970779778824
11,C46,SKU39,0.8807970779778824
11,C46,SKU20,0.8807970779778824
11,C46,SKU17,0.8807970779778824
11,C46,SKU17,0.8807970779778824
11,C46,SKU38,0.8807970779778824
11,C46,SKU5,0.8807970779778824
11,C46,SKU13,0.8807970779778824
11,C46,SKU57,0.8807970779778824
11,C46,SKU57,0.8807970779778824
11,C46,SKU57,0.8807970779778824
11,C46,SKU22,0.8807970779778824
11,C46,SKU71,0.8807970779778824
11,C46,SKU32,0.8807970779778824
11,C46,SKU85,0.8807970779778824
11,C46,SKU40,0.8807970779778824
11,C46,SKU40,0.8807970779778824
11,C46,SKU1,0.8807970779778824
11,C46,SKU79,0.8807970779778824
11,C46,SKU79,0.8807970779778824
11,C46,SKU75,0.8807970779778824
11,C46,SKU9,0.8807970779778824
11,C47,SKU94,0.8807970779778824
11,C47,SKU70,0.8807970779778824
11,C47,SKU18,0.8807970779778824
11,C47,SKU36,0.8807970779778824
11,C47,SKU35,0.8807970779778824
11,C47,SKU49,0.8807970779778824
11,C47,SKU83,0.8807970779778824
11,C47,SKU29,0.11920292202211755
11,C47,SKU19,0.8807970779778824
11,C47,SKU19,0.8807970779778824
11,C47,SKU24,0.8807970779778824
11,C47,SKU31,0.8807970779778824
11,C47,SKU31,0.8807970779778824
11,C47,SKU93,0.8807970779778824
11,C47,SKU97,0.8807970779778824
11,C47,SKU12,0.8807970779778824
11,C47,SKU63,0.11920292202211755
11,C47,SKU77,0.8807970779778824
11,C47,SKU73,0.8807970779778824
11,C47,SKU34,0.11920292202211755
11,C47,SKU64,0.8807970779778824
11,C47,SKU15,0.8807970779778824
11,C47,SKU15,0.8807970779778824
11,C47,SKU91,0.8807970779778824
11,C47,SKU91,0.8807970779778824
11,C47,SKU30,0.8807970779778824
11,C47,SKU16,0.11920292202211755
11,C47,SKU56,0.8807970779778824
11,C47,SKU8,0.11920292202211755
11,C47,SKU88,0.8807970779778824
11,C47,SKU54,0.8807970779778824
11,C47,SKU33,0.8807970779778824
11,C47,SKU100,0.8807970779778824
11,C47,SKU14,0.8807970779778824
11,C47,SKU14,0.8807970779778824
11,C47,SKU82,0.8807970779778824
11,C47,SKU67,0.8807970779778824
11,C47,SKU58,0.8807970779778824
11,C47,SKU38,0.8807970779778824
11,C47,SKU20,0.8807970779778824
11,C47,SKU17,0.11920292202211755
11,C47,SKU95,0.11920292202211755
11,C47,SKU13,0.8807970779778824
11,C47,SKU13,0.8807970779778824
11,C47,SKU71,0.11920292202211755
11,C47,SKU59,0.8807970779778824
11,C47,SKU85,0.8807970779778824
11,C47,SKU86,0.8807970779778824
11,C47,SKU61,0.8807970779778824
11,C47,SKU37,0.8807970779778824
11,C47,SKU9,0.8807970779778824
11,C48,SKU94,0.8807970779778824
11,C48,SKU70,0.11920292202211755
11,C48,SKU36,0.8807970779778824
11,C48,SKU42,0.8807970779778824
11,C48,SKU69,0.8807970779778824
11,C48,SKU74,0.8807970779778824
11,C48,SKU19,0.8807970779778824
11,C48,SKU31,0.8807970779778824
11,C48,SKU99,0.8807970779778824
11,C48,SKU63,0.8807970779778824
11,C48,SKU97,0.8807970779778824
11,C48,SKU93,0.8807970779778824
11,C48,SKU21,0.8807970779778824
11,C48,SKU50,0.8807970779778824
11,C48,SKU62,0.11920292202211755
11,C48,SKU34,0.11920292202211755
11,C48,SKU64,0.8807970779778824
11,C48,SKU53,0.8807970779778824
11,C48,SKU15,0.8807970779778824
11,C48,SKU56,0.8807970779778824
11,C48,SKU8,0.11920292202211755
11,C48,SKU25,0.8807970779778824
11,C48,SKU25,0.8807970779778824
11,C48,SKU96,0.11920292202211755
11,C48,SKU84,0.8807970779778824
11,C48,SKU80,0.8807970779778824
11,C48,SKU87,0.8807970779778824
11,C48,SKU82,0.8807970779778824
11,C48,SKU72,0.8807970779778824
11,C48,SKU58,0.8807970779778824
11,C48,SKU17,0.8807970779778824
11,C48,SKU76,0.8807970779778824
11,C48,SKU95,0.8807970779778824
11,C48,SKU95,0.8807970779778824
11,C48,SKU95,0.8807970779778824
11,C48,SKU5,0.8807970779778824
11,C48,SKU22,0.8807970779778824
11,C48,SKU57,0.8807970779778824
11,C48,SKU71,0.8807970779778824
11,C48,SKU59,0.11920292202211755
11,C48,SKU85,0.8807970779778824
11,C48,SKU51,0.8807970779778824
11,C48,SKU86,0.8807970779778824
11,C48,SKU2,0.8807970779778824
11,C49,SKU3,0.8807970779778824
11,C49,SKU35,0.8807970779778824
11,C49,SKU11,0.11920292202211755
11,C49,SKU45,0.8807970779778824
11,C49,SKU45,0.8807970779778824
11,C49,SKU83,0.8807970779778824
11,C49,SKU69,0.8807970779778824
11,C49,SKU31,0.8807970779778824
11,C49,SKU93,0.11920292202211755
11,C49,SKU63,0.8807970779778824
11,C49,SKU12,0.8807970779778824
11,C49,SKU77,0.8807970779778824
11,C49,SKU77,0.8807970779778824
11,C49,SKU60,0.11920292202211755
11,C49,SKU62,0.8807970779778824
11,C49,SKU62,0.8807970779778824
11,C49,SKU34,0.11920292202211755
11,C49,SKU53,0.8807970779778824
11,C49,SKU53,0.8807970779778824
11,C49,SKU68,0.8807970779778824
11,C49,SKU68,0.8807970779778824
11,C49,SKU98,0.8807970779778824
11,C49,SKU98,0.8807970779778824
11,C49,SKU8,0.8807970779778824
11,C49,SKU25,0.8807970779778824
11,C49,SKU48,0.8807970779778824
11,C49,SKU87,0.8807970779778824
11,C49,SKU100,0.8807970779778824
11,C49,SKU14,0.8807970779778824
11,C49,SKU14,0.8807970779778824
11,C49,SKU17,0.11920292202211755
11,C49,SKU55,0.8807970779778824
11,C49,SKU10,0.8807970779778824
11,C49,SKU22,0.8807970779778824
11,C49,SKU57,0.8807970779778824
11,C49,SKU66,0.8807970779778824
11,C49,SKU32,0.11920292202211755
11,C49,SKU40,0.8807970779778824
11,C49,SKU51,0.8807970779778824
11,C49,SKU2,0.8807970779778824
11,C49,SKU2,0.8807970779778824
11,C49,SKU37,0.8807970779778824
11,C50,SKU7,0.8807970779778824
11,C50,SKU94,0.8807970779778824
11,C50,SKU70,0.8807970779778824
11,C50,SKU3,0.8807970779778824
11,C50,SKU18,0.11920292202211755
11,C50,SKU35,0.8807970779778824
11,C50,SKU46,0.8807970779778824
11,C50,SKU46,0.8807970779778824
11,C50,SKU42,0.8807970779778824
11,C50,SKU83,0.8807970779778824
11,C50,SKU29,0.8807970779778824
11,C50,SKU24,0.8807970779778824
11,C50,SKU93,0.8807970779778824
11,C50,SKU12,0.8807970779778824
11,C50,SKU90,0.8807970779778824
11,C50,SKU53,0.8807970779778824
11,C50,SKU81,0.8807970779778824
11,C50,SKU91,0.8807970779778824
11,C50,SKU91,0.8807970779778824
11,C50,SKU30,0.8807970779778824
11,C50,SKU30,0.8807970779778824
11,C50,SKU30,0.8807970779778824
11,C50,SKU68,0.8807970779778824
11,C50,SKU68,0.8807970779778824
11,C50,SKU4,0.8807970779778824
11,C50,SKU96,0.8807970779778824
11,C50,SKU25,0.8807970779778824
11,C50,SKU88,0.8807970779778824
11,C50,SKU80,0.8807970779778824
11,C50,SKU80,0.8807970779778824
11,C50,SKU23,0.8807970779778824
11,C50,SKU67,0.8807970779778824
11,C50,SKU39,0.8807970779778824
11,C50,SKU58,0.8807970779778824
11,C50,SKU58,0.8807970779778824
11,C50,SKU20,0.8807970779778824
11,C50,SKU76,0.8807970779778824
11,C50,SKU95,0.8807970779778824
11,C50,SKU27,0.8807970779778824
11,C50,SKU5,0.11920292202211755
11,C50,SKU66,0.8807970779778824
11,C50,SKU32,0.8807970779778824
11,C50,SKU32,0.8807970779778824
11,C50,SKU51,0.8807970779778824
11,C50,SKU86,0.8807970779778824
11,C50,SKU61,0.8807970779778824
11,C50,SKU37,0.8807970779778824
