Week,CustomerID,SKUID,OrderValue,TransactionDate
1,C38,SKU79,303.9850649454837,2025-01-01
1,C39,SKU17,153.2880153779564,2025-01-01
1,C8,SKU66,270.79426498202906,2025-01-01
1,C1,SKU22,102.44650814977899,2025-01-01
1,C3,SKU31,487.28887958512917,2025-01-01
1,C4,SKU19,360.99958744983076,2025-01-01
1,C25,SKU75,465.03610819090443,2025-01-01
1,C16,SKU94,204.87968043031853,2025-01-01
1,C45,SKU69,33.00765737621839,2025-01-01
1,C11,SKU5,241.49190711018073,2025-01-01
1,C37,SKU53,25.952978856761327,2025-01-01
1,C30,SKU60,156.06834518027853,2025-01-01
1,C30,SKU94,410.4049708231758,2025-01-01
1,C36,SKU46,373.628119842761,2025-01-01
1,C13,SKU52,435.0907079793058,2025-01-01
1,C7,SKU1,322.4438521848581,2025-01-01
1,C23,SKU34,176.5374333118735,2025-01-01
1,C48,SKU51,442.6663785586056,2025-01-01
1,C44,SKU1,362.3143567768019,2025-01-01
1,C5,SKU19,384.90664856074477,2025-01-01
1,C12,SKU48,60.07667278348869,2025-01-01
1,C15,SKU18,223.9926480676142,2025-01-01
1,C34,SKU54,139.88885965635322,2025-01-01
1,C31,SKU79,33.224817255122694,2025-01-01
1,C3,SKU72,497.1983699592261,2025-01-01
1,C2,SKU43,395.4160284074201,2025-01-01
1,C7,SKU19,286.5661917780212,2025-01-01
1,C4,SKU74,319.43688378054327,2025-01-01
1,C13,SKU83,270.3527632315136,2025-01-01
1,C12,SKU61,254.11039539277684,2025-01-01
1,C38,SKU54,211.89220469130558,2025-01-01
1,C40,SKU33,32.226146787059335,2025-01-01
1,C15,SKU91,358.59681805983854,2025-01-01
1,C31,SKU74,45.985722397354365,2025-01-01
1,C6,SKU75,462.8351165981095,2025-01-01
1,C18,SKU86,494.8986817630207,2025-01-01
1,C24,SKU41,315.9128111865022,2025-01-01
1,C13,SKU92,93.46733778210368,2025-01-01
1,C27,SKU28,84.98918164976949,2025-01-01
1,C42,SKU91,430.1944100102546,2025-01-01
1,C15,SKU69,255.02050944692058,2025-01-01
1,C41,SKU64,446.644668733555,2025-01-01
1,C17,SKU86,210.43187706446238,2025-01-01
1,C50,SKU100,250.05187829576576,2025-01-01
1,C27,SKU69,309.25493825618776,2025-01-01
1,C3,SKU31,263.4748079901881,2025-01-01
1,C29,SKU79,432.00604458120876,2025-01-01
1,C10,SKU98,168.4665556709351,2025-01-01
1,C39,SKU11,494.02954366821945,2025-01-01
1,C48,SKU94,287.4255541637356,2025-01-01
1,C30,SKU99,208.5749413973278,2025-01-01
1,C40,SKU36,42.422561909480805,2025-01-01
1,C46,SKU50,141.97645156318524,2025-01-01
1,C8,SKU96,270.12128455288587,2025-01-01
1,C13,SKU61,426.27619709223217,2025-01-01
1,C43,SKU16,77.21395879799094,2025-01-01
1,C25,SKU62,477.8486917564995,2025-01-01
1,C8,SKU67,228.16710021975877,2025-01-01
1,C41,SKU66,336.28582019887017,2025-01-01
1,C18,SKU99,257.4624107260121,2025-01-01
1,C2,SKU98,372.39202385504535,2025-01-01
1,C21,SKU39,184.5946465549904,2025-01-01
1,C34,SKU27,429.88136808333735,2025-01-01
1,C45,SKU93,372.9063157508377,2025-01-01
1,C26,SKU60,425.11896322243445,2025-01-01
1,C10,SKU64,381.0462640748229,2025-01-01
1,C50,SKU58,267.83226269034367,2025-01-01
1,C26,SKU28,288.3928335770331,2025-01-01
1,C10,SKU21,329.5474384495734,2025-01-01
1,C3,SKU79,168.48874210896074,2025-01-01
1,C36,SKU15,24.423291959389704,2025-01-01
1,C18,SKU23,163.02531226338883,2025-01-01
1,C48,SKU50,320.02663891143936,2025-01-01
1,C15,SKU58,410.35154105969224,2025-01-01
1,C49,SKU45,262.3491727999608,2025-01-01
1,C35,SKU33,243.58643874427207,2025-01-01
1,C21,SKU97,66.32787107897516,2025-01-01
1,C36,SKU53,248.51690314234355,2025-01-01
1,C13,SKU41,327.35920253560283,2025-01-01
1,C22,SKU38,231.63220868751935,2025-01-01
1,C7,SKU32,67.99269418279385,2025-01-01
1,C34,SKU74,460.6559176637841,2025-01-01
1,C4,SKU83,234.52914526037495,2025-01-01
1,C20,SKU92,319.602525266751,2025-01-01
1,C24,SKU54,473.02351413996416,2025-01-01
1,C37,SKU6,126.8699670438984,2025-01-01
1,C49,SKU24,118.32346752489073,2025-01-01
1,C42,SKU63,378.654606985323,2025-01-01
1,C28,SKU44,74.73330178451499,2025-01-01
1,C34,SKU80,47.91471173013737,2025-01-01
1,C28,SKU19,97.84736646187557,2025-01-01
1,C48,SKU78,170.52797665431268,2025-01-01
1,C12,SKU12,79.4387086447041,2025-01-01
1,C44,SKU45,119.10423438156046,2025-01-01
1,C1,SKU22,156.47159874293672,2025-01-01
1,C37,SKU80,168.10632010671813,2025-01-01
1,C44,SKU11,314.12831163071905,2025-01-01
1,C3,SKU62,244.1493235001784,2025-01-01
1,C19,SKU14,123.65210721056968,2025-01-01
1,C34,SKU79,432.9129480734453,2025-01-01
1,C10,SKU56,210.38551066765635,2025-01-01
1,C2,SKU40,428.61582694299625,2025-01-01
1,C41,SKU38,259.54401151873185,2025-01-01
1,C14,SKU94,54.241274191639825,2025-01-01
1,C38,SKU78,451.42671516158737,2025-01-01
1,C14,SKU81,217.22665597907445,2025-01-01
1,C39,SKU39,354.0099656507498,2025-01-01
1,C35,SKU75,335.9376166603498,2025-01-01
1,C11,SKU46,46.494344680660596,2025-01-01
1,C6,SKU55,348.13580029822094,2025-01-01
1,C5,SKU56,458.6184948310659,2025-01-01
1,C37,SKU63,185.24296826502209,2025-01-01
1,C13,SKU93,20.430449525845248,2025-01-01
1,C25,SKU10,383.1294946192586,2025-01-01
1,C3,SKU6,284.8267975999102,2025-01-01
1,C19,SKU65,457.95662335968814,2025-01-01
1,C22,SKU25,240.86278210264155,2025-01-01
1,C5,SKU32,88.92627398234349,2025-01-01
1,C22,SKU51,33.46336706701766,2025-01-01
1,C34,SKU39,49.30966438548041,2025-01-01
1,C48,SKU11,252.09820747708525,2025-01-01
1,C36,SKU14,163.63735453067054,2025-01-01
1,C11,SKU84,323.31793756645766,2025-01-01
1,C24,SKU18,157.17380136662905,2025-01-01
1,C27,SKU34,171.80487121949736,2025-01-01
1,C46,SKU80,225.6924851441824,2025-01-01
1,C28,SKU33,468.2951566749935,2025-01-01
1,C41,SKU39,176.213032243022,2025-01-01
1,C16,SKU90,120.5953455491452,2025-01-01
1,C10,SKU69,96.66157270324375,2025-01-01
1,C36,SKU7,335.257469176578,2025-01-01
1,C35,SKU31,396.14522233779047,2025-01-01
1,C47,SKU64,240.06403126768137,2025-01-01
1,C33,SKU90,36.21546636174084,2025-01-01
1,C22,SKU28,111.56142665507964,2025-01-01
1,C45,SKU58,110.67018257644068,2025-01-01
1,C25,SKU31,420.4781409830951,2025-01-01
1,C24,SKU12,354.70945570109126,2025-01-01
1,C47,SKU45,289.9506642709977,2025-01-01
1,C45,SKU33,122.59323992568962,2025-01-01
1,C27,SKU45,174.41605607498136,2025-01-01
1,C43,SKU54,341.9098662896417,2025-01-01
1,C7,SKU14,210.22425713815517,2025-01-01
1,C4,SKU66,226.24735402723783,2025-01-01
1,C10,SKU59,245.22687856959058,2025-01-01
1,C37,SKU84,453.1276568581916,2025-01-01
1,C10,SKU53,165.1740884380177,2025-01-01
1,C31,SKU64,436.79513950956,2025-01-01
1,C6,SKU15,324.1838686765379,2025-01-01
1,C32,SKU1,135.98052463198715,2025-01-01
1,C14,SKU40,48.000102443076806,2025-01-01
1,C44,SKU98,303.7845391929272,2025-01-01
1,C33,SKU32,355.29216307789454,2025-01-01
1,C13,SKU52,211.6688359382932,2025-01-01
1,C9,SKU38,156.70846070917656,2025-01-01
1,C13,SKU15,106.89112043891367,2025-01-01
1,C12,SKU2,84.74384975450104,2025-01-01
1,C2,SKU37,336.585271213053,2025-01-01
1,C19,SKU46,198.83302637776015,2025-01-01
1,C39,SKU35,58.658164798975754,2025-01-01
1,C29,SKU23,78.18786080545961,2025-01-01
1,C30,SKU63,67.49824055359568,2025-01-01
1,C11,SKU95,392.54615939824254,2025-01-01
1,C9,SKU2,48.41338896580175,2025-01-01
1,C10,SKU100,126.13042354072041,2025-01-01
1,C23,SKU45,454.7596136090183,2025-01-01
1,C43,SKU94,153.32187192778233,2025-01-01
1,C23,SKU90,225.99905961104093,2025-01-01
1,C29,SKU25,365.9114476447946,2025-01-01
1,C5,SKU29,328.7311266488563,2025-01-01
1,C31,SKU67,202.05822789069447,2025-01-01
1,C47,SKU32,294.46711505583346,2025-01-01
1,C32,SKU68,39.0719285809229,2025-01-01
1,C9,SKU50,319.3725794075044,2025-01-01
1,C7,SKU14,225.25307656040263,2025-01-01
1,C42,SKU83,110.50729634761208,2025-01-01
1,C33,SKU24,450.07009094405214,2025-01-01
1,C50,SKU44,457.812297875612,2025-01-01
1,C48,SKU30,61.88627185677528,2025-01-01
1,C45,SKU5,385.61600029708126,2025-01-01
1,C41,SKU48,267.79901793605933,2025-01-01
1,C23,SKU51,418.0453932865748,2025-01-01
1,C46,SKU73,40.296822188949676,2025-01-01
1,C26,SKU28,264.5318531970164,2025-01-01
1,C25,SKU22,293.2514155515974,2025-01-01
1,C27,SKU92,407.8897638230533,2025-01-01
1,C29,SKU92,466.7228099965947,2025-01-01
1,C42,SKU31,304.08662881862824,2025-01-01
1,C14,SKU86,207.72968255190284,2025-01-01
1,C34,SKU37,88.47284891688606,2025-01-01
1,C22,SKU43,458.678576711945,2025-01-01
1,C30,SKU55,174.03668884458165,2025-01-01
1,C37,SKU39,330.7370648179015,2025-01-01
1,C14,SKU22,482.9789115961125,2025-01-01
1,C7,SKU5,314.2769005751695,2025-01-01
1,C6,SKU4,139.1577175303365,2025-01-01
1,C8,SKU40,351.05384763695184,2025-01-01
1,C17,SKU52,164.20516287661712,2025-01-01
1,C37,SKU60,166.41923838681615,2025-01-01
1,C33,SKU94,425.13509687916513,2025-01-01
2,C22,SKU78,70.42552227687736,2025-01-08
2,C40,SKU45,37.5600114651414,2025-01-08
2,C16,SKU83,162.8830441177593,2025-01-08
2,C21,SKU9,449.8872033337513,2025-01-08
2,C30,SKU20,440.51937521706157,2025-01-08
2,C50,SKU9,368.83431423872145,2025-01-08
2,C39,SKU4,480.1952765402849,2025-01-08
2,C35,SKU53,118.65821194362196,2025-01-08
2,C33,SKU78,478.189127577875,2025-01-08
2,C3,SKU94,122.017755261408,2025-01-08
2,C35,SKU14,382.85771625986166,2025-01-08
2,C19,SKU22,387.48345189203576,2025-01-08
2,C47,SKU75,307.8657948216694,2025-01-08
2,C38,SKU44,93.06444078203985,2025-01-08
2,C11,SKU77,316.59887459244476,2025-01-08
2,C36,SKU91,185.9891019018752,2025-01-08
2,C8,SKU55,93.69104793664228,2025-01-08
2,C2,SKU83,263.2359348925987,2025-01-08
2,C21,SKU47,358.12209985864376,2025-01-08
2,C49,SKU72,167.81286527467324,2025-01-08
2,C14,SKU74,75.7437034039109,2025-01-08
2,C2,SKU94,116.35908090303624,2025-01-08
2,C26,SKU54,375.72967193371085,2025-01-08
2,C19,SKU52,27.533567066830916,2025-01-08
2,C24,SKU73,35.102266162306435,2025-01-08
2,C4,SKU48,111.55134882409479,2025-01-08
2,C36,SKU16,284.33630021202356,2025-01-08
2,C28,SKU12,64.18139535029914,2025-01-08
2,C34,SKU2,92.01324650292207,2025-01-08
2,C9,SKU96,12.793314825327231,2025-01-08
2,C2,SKU64,122.2413013168638,2025-01-08
2,C26,SKU49,380.3521237958265,2025-01-08
2,C37,SKU79,134.21369332770846,2025-01-08
2,C15,SKU36,255.16329658517418,2025-01-08
2,C15,SKU94,403.3589650955322,2025-01-08
2,C10,SKU13,342.90766935387927,2025-01-08
2,C45,SKU22,475.60794423727305,2025-01-08
2,C37,SKU8,190.62237135386115,2025-01-08
2,C6,SKU9,319.58007264652093,2025-01-08
2,C17,SKU79,52.919814258268495,2025-01-08
2,C27,SKU79,444.7637282440776,2025-01-08
2,C5,SKU56,93.91987336120025,2025-01-08
2,C42,SKU6,85.31002778150452,2025-01-08
2,C31,SKU18,119.25150517823381,2025-01-08
2,C37,SKU2,432.90428995037894,2025-01-08
2,C15,SKU17,122.40118175979812,2025-01-08
2,C22,SKU19,349.9505894676492,2025-01-08
2,C7,SKU58,409.78041350732553,2025-01-08
2,C27,SKU40,45.460897796832015,2025-01-08
2,C39,SKU84,22.906869672220402,2025-01-08
2,C33,SKU88,339.51088461646214,2025-01-08
2,C17,SKU2,439.8816103155707,2025-01-08
2,C38,SKU89,95.91843741948396,2025-01-08
2,C41,SKU51,252.5876972567709,2025-01-08
2,C13,SKU70,200.39553983111858,2025-01-08
2,C12,SKU29,209.18270578229018,2025-01-08
2,C31,SKU84,124.15488658450502,2025-01-08
2,C33,SKU78,111.77280115439488,2025-01-08
2,C38,SKU89,325.4726585350877,2025-01-08
2,C22,SKU6,324.92964515502894,2025-01-08
2,C22,SKU87,94.71847955184373,2025-01-08
2,C24,SKU59,455.4475940716265,2025-01-08
2,C8,SKU16,310.6801263905275,2025-01-08
2,C44,SKU29,128.95412262670385,2025-01-08
2,C17,SKU74,370.793101599563,2025-01-08
2,C26,SKU47,193.11170283404203,2025-01-08
2,C46,SKU64,213.7510829014894,2025-01-08
2,C31,SKU15,71.97596089765253,2025-01-08
2,C35,SKU76,197.20778044707816,2025-01-08
2,C38,SKU74,306.17026694977557,2025-01-08
2,C5,SKU36,12.665692629105653,2025-01-08
2,C4,SKU77,216.91598455125305,2025-01-08
2,C27,SKU98,397.7926485872421,2025-01-08
2,C21,SKU24,265.55589647660844,2025-01-08
2,C29,SKU43,230.75639163783154,2025-01-08
2,C20,SKU61,211.89185186719234,2025-01-08
2,C2,SKU99,146.1221176084092,2025-01-08
2,C5,SKU54,176.57962573491602,2025-01-08
2,C11,SKU98,415.5800520933931,2025-01-08
2,C6,SKU51,206.25908037588368,2025-01-08
2,C26,SKU33,214.99849777598746,2025-01-08
2,C34,SKU46,297.16738261809405,2025-01-08
2,C21,SKU66,397.4183140504516,2025-01-08
2,C4,SKU84,49.71100663662864,2025-01-08
2,C26,SKU98,92.71161144939701,2025-01-08
2,C48,SKU94,417.17205436479446,2025-01-08
2,C8,SKU6,152.2230529888404,2025-01-08
2,C45,SKU62,73.70893202979696,2025-01-08
2,C9,SKU42,250.7150319057545,2025-01-08
2,C22,SKU1,107.14376606059412,2025-01-08
2,C23,SKU84,427.4916591389625,2025-01-08
2,C49,SKU87,466.91625379148115,2025-01-08
2,C25,SKU58,162.6766997234077,2025-01-08
2,C49,SKU6,211.19852243156632,2025-01-08
2,C8,SKU83,249.42859555472876,2025-01-08
2,C25,SKU76,170.99756597972507,2025-01-08
2,C22,SKU21,279.67483414832594,2025-01-08
2,C11,SKU55,447.91176803977834,2025-01-08
2,C11,SKU99,226.0397212475414,2025-01-08
2,C21,SKU25,225.69475603530984,2025-01-08
2,C34,SKU2,151.09438755518704,2025-01-08
2,C16,SKU32,133.72933961198578,2025-01-08
2,C26,SKU51,409.59757151690553,2025-01-08
2,C20,SKU78,409.37171874764033,2025-01-08
2,C44,SKU100,35.45117438052499,2025-01-08
2,C18,SKU40,95.04975874322568,2025-01-08
2,C18,SKU59,263.2966568409779,2025-01-08
2,C8,SKU85,67.03620144812999,2025-01-08
2,C49,SKU96,101.80814782467905,2025-01-08
2,C10,SKU50,353.56260357572216,2025-01-08
2,C50,SKU98,257.0149599171072,2025-01-08
2,C11,SKU1,468.52590854328236,2025-01-08
2,C5,SKU62,141.7150665796786,2025-01-08
2,C46,SKU52,39.68190654602937,2025-01-08
2,C49,SKU15,126.0554851790397,2025-01-08
2,C22,SKU12,255.15839267846883,2025-01-08
2,C40,SKU60,345.3309636438113,2025-01-08
2,C18,SKU97,96.00921260449695,2025-01-08
2,C29,SKU69,317.46804811754083,2025-01-08
2,C31,SKU77,240.4489351977716,2025-01-08
2,C29,SKU94,317.40432173356953,2025-01-08
2,C26,SKU68,172.14783091552096,2025-01-08
2,C48,SKU43,321.795155186245,2025-01-08
2,C18,SKU24,346.5761952721519,2025-01-08
2,C31,SKU61,138.52490758647812,2025-01-08
2,C36,SKU7,192.54131871870266,2025-01-08
2,C21,SKU20,483.60117646645443,2025-01-08
2,C9,SKU33,478.1901923969681,2025-01-08
2,C49,SKU66,30.70541031300284,2025-01-08
2,C24,SKU9,494.0704339596295,2025-01-08
2,C26,SKU17,442.02497565270954,2025-01-08
2,C19,SKU6,81.09745059268451,2025-01-08
2,C46,SKU2,315.04975358426685,2025-01-08
2,C49,SKU5,236.46765387963288,2025-01-08
2,C49,SKU37,449.8250276697718,2025-01-08
2,C32,SKU11,101.35272861571302,2025-01-08
2,C39,SKU34,39.619723462260765,2025-01-08
2,C17,SKU30,57.09796407789352,2025-01-08
2,C41,SKU63,347.6265941745357,2025-01-08
2,C24,SKU68,263.2070198024537,2025-01-08
2,C35,SKU46,186.16184902675832,2025-01-08
2,C1,SKU32,466.2178142478687,2025-01-08
2,C28,SKU3,391.223039511168,2025-01-08
2,C23,SKU5,282.9161496901997,2025-01-08
2,C23,SKU60,208.04900209602738,2025-01-08
2,C49,SKU43,143.57286425868642,2025-01-08
2,C44,SKU62,475.49161148082374,2025-01-08
2,C9,SKU86,442.8467528133188,2025-01-08
2,C37,SKU12,421.32287264972354,2025-01-08
2,C34,SKU49,54.351265963565865,2025-01-08
2,C10,SKU12,420.63037650694065,2025-01-08
2,C38,SKU91,42.11514817319871,2025-01-08
2,C9,SKU80,284.1604478264952,2025-01-08
2,C25,SKU20,24.823561773961384,2025-01-08
2,C11,SKU11,448.396936990447,2025-01-08
2,C42,SKU43,70.60884013017044,2025-01-08
2,C42,SKU25,182.94872507670402,2025-01-08
2,C37,SKU63,389.6680694788744,2025-01-08
2,C50,SKU90,328.80984475992904,2025-01-08
2,C31,SKU90,291.3173871014613,2025-01-08
2,C30,SKU84,296.9334347605158,2025-01-08
2,C30,SKU99,110.62100251798749,2025-01-08
2,C25,SKU95,370.6475110546604,2025-01-08
2,C21,SKU91,260.86565968401555,2025-01-08
2,C42,SKU53,150.56019968944995,2025-01-08
2,C12,SKU90,401.7684150109434,2025-01-08
2,C20,SKU52,154.49216307084365,2025-01-08
2,C10,SKU76,34.252815893223385,2025-01-08
2,C2,SKU78,414.3162857490668,2025-01-08
2,C25,SKU78,158.95428861732535,2025-01-08
2,C12,SKU41,362.52595377871654,2025-01-08
2,C27,SKU2,312.18774056014365,2025-01-08
2,C28,SKU41,161.87573133618747,2025-01-08
2,C1,SKU82,417.9200921276007,2025-01-08
2,C42,SKU7,36.25272532618423,2025-01-08
2,C32,SKU34,46.148466561244994,2025-01-08
2,C47,SKU15,258.9593796661042,2025-01-08
2,C21,SKU63,423.80678776157015,2025-01-08
2,C4,SKU80,477.52441894966057,2025-01-08
2,C28,SKU79,156.68824493987793,2025-01-08
2,C27,SKU43,233.0527273484371,2025-01-08
2,C39,SKU46,18.164853344130307,2025-01-08
2,C9,SKU36,257.21017164140414,2025-01-08
2,C22,SKU65,246.56325332122796,2025-01-08
2,C14,SKU55,416.04884836597137,2025-01-08
2,C26,SKU96,342.81003513684317,2025-01-08
2,C19,SKU13,361.3685076927328,2025-01-08
2,C46,SKU68,294.3766144080005,2025-01-08
2,C12,SKU64,186.85631547661563,2025-01-08
2,C3,SKU71,50.874316764965336,2025-01-08
2,C2,SKU30,256.340140303186,2025-01-08
2,C49,SKU51,69.97039979879168,2025-01-08
2,C36,SKU89,257.855607056514,2025-01-08
2,C22,SKU74,128.50521498134344,2025-01-08
2,C18,SKU28,20.129074423958244,2025-01-08
2,C14,SKU52,459.9498798683263,2025-01-08
2,C46,SKU56,184.26902104892434,2025-01-08
2,C31,SKU68,362.4009328601907,2025-01-08
2,C2,SKU23,429.840453556864,2025-01-08
2,C21,SKU2,355.1892373316688,2025-01-08
3,C3,SKU17,170.84502387605113,2025-01-15
3,C1,SKU3,186.47510565858457,2025-01-15
3,C20,SKU7,52.008034547411356,2025-01-15
3,C28,SKU48,89.01846986740298,2025-01-15
3,C37,SKU81,123.64695628286039,2025-01-15
3,C21,SKU79,423.6213239678351,2025-01-15
3,C29,SKU31,18.77463093402531,2025-01-15
3,C24,SKU59,419.408416257411,2025-01-15
3,C16,SKU51,279.63278146766805,2025-01-15
3,C2,SKU69,488.8202361762745,2025-01-15
3,C15,SKU96,354.1708268594823,2025-01-15
3,C20,SKU91,285.7016596363777,2025-01-15
3,C6,SKU92,280.82160349836903,2025-01-15
3,C45,SKU91,341.40031095914446,2025-01-15
3,C18,SKU21,75.5345223536347,2025-01-15
3,C45,SKU71,23.612819021336446,2025-01-15
3,C21,SKU26,119.87649273618091,2025-01-15
3,C10,SKU72,115.43517489051285,2025-01-15
3,C42,SKU84,143.65644578258488,2025-01-15
3,C40,SKU41,52.56818600081846,2025-01-15
3,C26,SKU60,89.61458521491028,2025-01-15
3,C22,SKU58,129.89866836214418,2025-01-15
3,C46,SKU54,366.719867963161,2025-01-15
3,C11,SKU64,91.56004399420084,2025-01-15
3,C31,SKU19,10.087905722223882,2025-01-15
3,C7,SKU36,456.2712364803217,2025-01-15
3,C44,SKU45,200.67963286398,2025-01-15
3,C9,SKU38,497.69892424547953,2025-01-15
3,C12,SKU92,335.7590314709082,2025-01-15
3,C13,SKU1,17.337772044704245,2025-01-15
3,C18,SKU86,264.60268066446054,2025-01-15
3,C25,SKU90,126.16042821124891,2025-01-15
3,C3,SKU25,78.50614074643548,2025-01-15
3,C40,SKU68,295.69079263499566,2025-01-15
3,C1,SKU48,494.00926661353236,2025-01-15
3,C6,SKU37,199.3227520890848,2025-01-15
3,C20,SKU92,118.47053019280533,2025-01-15
3,C20,SKU98,464.33704623388513,2025-01-15
3,C18,SKU60,178.14497678523196,2025-01-15
3,C17,SKU94,235.27335268198397,2025-01-15
3,C4,SKU51,405.36080553320915,2025-01-15
3,C31,SKU86,353.04084958889877,2025-01-15
3,C29,SKU96,373.2774362224055,2025-01-15
3,C34,SKU66,254.69515075546627,2025-01-15
3,C27,SKU83,67.70459515686825,2025-01-15
3,C2,SKU15,387.3241827429566,2025-01-15
3,C29,SKU7,95.73008346939741,2025-01-15
3,C43,SKU55,300.5288200328991,2025-01-15
3,C14,SKU37,451.308790414289,2025-01-15
3,C42,SKU66,481.8065080294493,2025-01-15
3,C27,SKU48,50.810466680101605,2025-01-15
3,C13,SKU7,337.45772117380255,2025-01-15
3,C23,SKU87,490.79141313634955,2025-01-15
3,C41,SKU73,201.62900414612344,2025-01-15
3,C31,SKU38,279.79967858424595,2025-01-15
3,C12,SKU96,412.519901513894,2025-01-15
3,C50,SKU54,475.88093356725136,2025-01-15
3,C24,SKU84,128.989342890702,2025-01-15
3,C17,SKU61,434.0082996029567,2025-01-15
3,C6,SKU37,383.0225272716501,2025-01-15
3,C22,SKU1,59.72510159160935,2025-01-15
3,C38,SKU6,204.2420061367614,2025-01-15
3,C25,SKU61,368.6964483272741,2025-01-15
3,C21,SKU14,156.6919401408366,2025-01-15
3,C39,SKU100,136.63554661255466,2025-01-15
3,C5,SKU9,416.5597006268683,2025-01-15
3,C10,SKU14,152.2227429759274,2025-01-15
3,C47,SKU72,50.649899462986674,2025-01-15
3,C33,SKU25,466.40094802536873,2025-01-15
3,C33,SKU76,52.11886374996996,2025-01-15
3,C12,SKU11,285.79116103164034,2025-01-15
3,C24,SKU53,292.47470901422554,2025-01-15
3,C32,SKU39,378.764182996456,2025-01-15
3,C42,SKU62,492.4531230403983,2025-01-15
3,C27,SKU79,106.27064810820205,2025-01-15
3,C11,SKU70,462.1291028855492,2025-01-15
3,C33,SKU28,173.95483264186916,2025-01-15
3,C41,SKU85,416.573065842452,2025-01-15
3,C42,SKU88,75.83149729522414,2025-01-15
3,C38,SKU42,364.9666970087203,2025-01-15
3,C24,SKU50,386.5233214060541,2025-01-15
3,C8,SKU50,406.2692607176986,2025-01-15
3,C2,SKU87,340.61107101099293,2025-01-15
3,C49,SKU87,349.8384830507575,2025-01-15
3,C28,SKU23,442.0625661820687,2025-01-15
3,C42,SKU92,407.9066330812199,2025-01-15
3,C44,SKU22,196.2345681758658,2025-01-15
3,C32,SKU87,358.26710722420484,2025-01-15
3,C20,SKU90,53.43453167310717,2025-01-15
3,C6,SKU41,81.24427948818109,2025-01-15
3,C1,SKU28,241.5445401558535,2025-01-15
3,C50,SKU19,388.5721466488453,2025-01-15
3,C49,SKU38,86.15924839053586,2025-01-15
3,C36,SKU38,245.2213598225197,2025-01-15
3,C20,SKU34,89.74110602964885,2025-01-15
3,C34,SKU91,279.62877426761423,2025-01-15
3,C3,SKU32,310.83692667211795,2025-01-15
3,C19,SKU52,196.41290128188075,2025-01-15
3,C13,SKU25,45.42796711499495,2025-01-15
3,C23,SKU30,306.5920765475144,2025-01-15
3,C13,SKU48,452.4374415419048,2025-01-15
3,C2,SKU8,96.13943485225771,2025-01-15
3,C1,SKU43,91.58284658503543,2025-01-15
3,C39,SKU77,293.61849130057243,2025-01-15
3,C41,SKU19,177.53024513983746,2025-01-15
3,C12,SKU42,142.94775212176228,2025-01-15
3,C2,SKU82,382.17675329030095,2025-01-15
3,C46,SKU9,250.45242033621818,2025-01-15
3,C9,SKU77,402.5212830684249,2025-01-15
3,C31,SKU48,29.845354250684387,2025-01-15
3,C2,SKU28,22.46930564979503,2025-01-15
3,C20,SKU96,155.0494563376712,2025-01-15
3,C21,SKU81,229.88334601887803,2025-01-15
3,C35,SKU18,162.53169781910617,2025-01-15
3,C5,SKU65,482.91503012102385,2025-01-15
3,C7,SKU30,295.58172752634954,2025-01-15
3,C10,SKU88,346.7481621365998,2025-01-15
3,C39,SKU34,338.36433910946005,2025-01-15
3,C1,SKU4,476.8748642516079,2025-01-15
3,C14,SKU70,307.5371342142235,2025-01-15
3,C49,SKU61,362.8301016125967,2025-01-15
3,C40,SKU1,14.261922860688227,2025-01-15
3,C10,SKU83,210.60695684469982,2025-01-15
3,C50,SKU45,364.3118640744332,2025-01-15
3,C13,SKU84,150.31945054691928,2025-01-15
3,C14,SKU73,131.17317898897664,2025-01-15
3,C47,SKU85,35.53494418790568,2025-01-15
3,C10,SKU73,357.4200324027006,2025-01-15
3,C11,SKU22,428.9625419150998,2025-01-15
3,C32,SKU62,168.31337787693118,2025-01-15
3,C8,SKU97,394.3910685687928,2025-01-15
3,C31,SKU72,23.07823481307488,2025-01-15
3,C6,SKU34,305.3095110709074,2025-01-15
3,C9,SKU57,373.86501259806045,2025-01-15
3,C45,SKU98,470.14722493483,2025-01-15
3,C34,SKU74,391.8532995067035,2025-01-15
3,C30,SKU67,145.69852192244073,2025-01-15
3,C34,SKU34,387.8791326832542,2025-01-15
3,C40,SKU34,306.89152517824044,2025-01-15
3,C43,SKU3,234.69845505099875,2025-01-15
3,C27,SKU66,251.06288649276345,2025-01-15
3,C6,SKU71,260.99016462536133,2025-01-15
3,C38,SKU72,98.94691709255228,2025-01-15
3,C42,SKU43,185.63825586003387,2025-01-15
3,C41,SKU54,298.1150854053776,2025-01-15
3,C17,SKU50,314.96834916308103,2025-01-15
3,C45,SKU72,404.2168321515376,2025-01-15
3,C33,SKU88,413.5844341447225,2025-01-15
3,C50,SKU63,90.44484669404147,2025-01-15
3,C44,SKU27,274.80445870271683,2025-01-15
3,C33,SKU52,497.92407447111077,2025-01-15
3,C5,SKU52,89.11198028474406,2025-01-15
3,C41,SKU27,164.39123732718946,2025-01-15
3,C24,SKU45,368.01198987239565,2025-01-15
3,C35,SKU31,210.3789459039209,2025-01-15
3,C48,SKU88,395.768424342853,2025-01-15
3,C50,SKU14,54.791188692444436,2025-01-15
3,C30,SKU58,296.97938301008367,2025-01-15
3,C12,SKU47,136.889764081537,2025-01-15
3,C20,SKU76,244.56009108760804,2025-01-15
3,C25,SKU95,449.82675996390583,2025-01-15
3,C9,SKU84,413.1759581197116,2025-01-15
3,C36,SKU54,467.94257782953423,2025-01-15
3,C9,SKU42,298.12467192698796,2025-01-15
3,C21,SKU7,371.74313937278987,2025-01-15
3,C18,SKU64,128.46520767768237,2025-01-15
3,C29,SKU75,157.21516762596897,2025-01-15
3,C18,SKU16,409.1255128604728,2025-01-15
3,C12,SKU41,99.05283064593569,2025-01-15
3,C10,SKU75,24.753129418538844,2025-01-15
3,C2,SKU34,354.87325008678977,2025-01-15
3,C44,SKU74,232.57817340982947,2025-01-15
3,C26,SKU11,85.02271607156989,2025-01-15
3,C1,SKU15,412.86760409232045,2025-01-15
3,C47,SKU64,336.2914459648905,2025-01-15
3,C16,SKU86,111.34454524738464,2025-01-15
3,C49,SKU69,414.2347572409423,2025-01-15
3,C5,SKU40,286.6076503197216,2025-01-15
3,C46,SKU7,288.64630829846203,2025-01-15
3,C20,SKU15,64.11754584933718,2025-01-15
3,C7,SKU34,19.549392536079324,2025-01-15
3,C47,SKU81,64.73733319610339,2025-01-15
3,C10,SKU80,249.89216768036513,2025-01-15
3,C38,SKU81,167.14152784330034,2025-01-15
3,C21,SKU91,394.1802794856398,2025-01-15
3,C50,SKU10,63.43530448672551,2025-01-15
3,C29,SKU20,68.24791566470782,2025-01-15
3,C37,SKU74,431.3676529662021,2025-01-15
3,C3,SKU32,37.24175194321707,2025-01-15
3,C41,SKU76,49.01768741051191,2025-01-15
3,C26,SKU52,91.78388999458008,2025-01-15
3,C19,SKU80,375.0369994474725,2025-01-15
3,C38,SKU42,259.7388386812907,2025-01-15
3,C28,SKU88,30.021317074927516,2025-01-15
3,C31,SKU46,465.7722330588668,2025-01-15
3,C19,SKU3,95.47328062791388,2025-01-15
3,C1,SKU82,348.83841602707383,2025-01-15
3,C21,SKU44,171.24175022760815,2025-01-15
3,C1,SKU39,245.2298283236313,2025-01-15
3,C30,SKU94,300.09818033480246,2025-01-15
4,C43,SKU24,80.07832535681433,2025-01-22
4,C41,SKU86,21.49290834759138,2025-01-22
4,C24,SKU53,442.28924590636115,2025-01-22
4,C27,SKU64,333.30515264599654,2025-01-22
4,C17,SKU11,96.37295420524698,2025-01-22
4,C50,SKU24,382.83654053811597,2025-01-22
4,C7,SKU60,268.5731583296292,2025-01-22
4,C5,SKU70,240.22200533121764,2025-01-22
4,C38,SKU71,148.3422673127423,2025-01-22
4,C24,SKU89,13.385597802617653,2025-01-22
4,C42,SKU20,37.22423585516525,2025-01-22
4,C25,SKU12,495.309801898597,2025-01-22
4,C50,SKU16,27.520254170316253,2025-01-22
4,C46,SKU65,490.50810271271087,2025-01-22
4,C24,SKU83,114.68853925885259,2025-01-22
4,C37,SKU20,254.11000155287,2025-01-22
4,C49,SKU30,320.58070374425836,2025-01-22
4,C5,SKU98,311.12913138200753,2025-01-22
4,C40,SKU21,293.13674614312816,2025-01-22
4,C2,SKU9,388.81388709408645,2025-01-22
4,C10,SKU56,21.02235918716954,2025-01-22
4,C7,SKU39,356.0681023239579,2025-01-22
4,C46,SKU14,56.93312139654445,2025-01-22
4,C44,SKU96,427.30815106492446,2025-01-22
4,C11,SKU39,255.7854067362334,2025-01-22
4,C4,SKU56,211.21902809520253,2025-01-22
4,C18,SKU39,425.2272686583621,2025-01-22
4,C27,SKU31,383.31222055504674,2025-01-22
4,C32,SKU63,420.7580177482736,2025-01-22
4,C36,SKU29,377.05635272690023,2025-01-22
4,C8,SKU29,114.09983330006787,2025-01-22
4,C26,SKU69,251.9001506958957,2025-01-22
4,C43,SKU62,130.86209008669326,2025-01-22
4,C24,SKU58,199.0063067338262,2025-01-22
4,C19,SKU80,374.94726222958195,2025-01-22
4,C45,SKU60,425.6797873170954,2025-01-22
4,C18,SKU47,123.59275899905434,2025-01-22
4,C42,SKU69,168.86124721872835,2025-01-22
4,C20,SKU17,30.745500026608273,2025-01-22
4,C20,SKU87,402.09378427651666,2025-01-22
4,C10,SKU79,397.69957744559457,2025-01-22
4,C41,SKU24,128.51733817300624,2025-01-22
4,C12,SKU89,284.1228139478933,2025-01-22
4,C39,SKU49,459.18850101078164,2025-01-22
4,C34,SKU53,214.59455911929174,2025-01-22
4,C14,SKU14,239.2885213301733,2025-01-22
4,C30,SKU69,335.64748876440865,2025-01-22
4,C16,SKU78,497.69235145490177,2025-01-22
4,C26,SKU2,316.28039706851456,2025-01-22
4,C12,SKU59,168.02893599859985,2025-01-22
4,C10,SKU34,491.50937073300446,2025-01-22
4,C32,SKU33,186.44290986341954,2025-01-22
4,C28,SKU13,295.3155911591151,2025-01-22
4,C46,SKU39,170.06151023316025,2025-01-22
4,C31,SKU30,310.6068690959317,2025-01-22
4,C47,SKU4,321.25034473567746,2025-01-22
4,C26,SKU29,114.42356924085058,2025-01-22
4,C12,SKU62,389.065344792443,2025-01-22
4,C5,SKU99,478.59978676320924,2025-01-22
4,C35,SKU59,318.68636950213534,2025-01-22
4,C26,SKU84,316.19917190988053,2025-01-22
4,C45,SKU76,366.019376796704,2025-01-22
4,C46,SKU66,360.272922503706,2025-01-22
4,C44,SKU54,49.26681893429418,2025-01-22
4,C4,SKU62,125.89891410700326,2025-01-22
4,C8,SKU45,293.48078478864295,2025-01-22
4,C38,SKU42,203.1462771393538,2025-01-22
4,C16,SKU62,172.1802318663076,2025-01-22
4,C44,SKU37,318.4726127226139,2025-01-22
4,C37,SKU81,83.32089523168594,2025-01-22
4,C30,SKU58,238.21992061163547,2025-01-22
4,C35,SKU61,221.7988525136967,2025-01-22
4,C50,SKU99,44.64724997430527,2025-01-22
4,C12,SKU41,52.02337969715493,2025-01-22
4,C46,SKU64,230.23706118918244,2025-01-22
4,C19,SKU25,224.1661199577622,2025-01-22
4,C24,SKU23,273.8192562348483,2025-01-22
4,C34,SKU28,197.45401942196807,2025-01-22
4,C36,SKU32,454.12602553327855,2025-01-22
4,C40,SKU85,332.1429479186293,2025-01-22
4,C30,SKU31,378.8252922030009,2025-01-22
4,C43,SKU8,462.51717631391654,2025-01-22
4,C8,SKU70,257.91422102080287,2025-01-22
4,C43,SKU63,339.50449035051605,2025-01-22
4,C14,SKU74,178.12202574086172,2025-01-22
4,C41,SKU9,265.1434303603422,2025-01-22
4,C19,SKU39,393.57614166428624,2025-01-22
4,C41,SKU78,120.17749623654458,2025-01-22
4,C26,SKU60,339.9018832490142,2025-01-22
4,C42,SKU71,46.40158762585729,2025-01-22
4,C33,SKU55,193.82670138604777,2025-01-22
4,C50,SKU56,215.79268920767058,2025-01-22
4,C29,SKU95,411.02890907487034,2025-01-22
4,C9,SKU10,11.027727747929255,2025-01-22
4,C32,SKU6,353.8453696335288,2025-01-22
4,C30,SKU51,245.986591622439,2025-01-22
4,C19,SKU34,139.61099620565534,2025-01-22
4,C29,SKU99,485.0757240979504,2025-01-22
4,C44,SKU51,225.0488675162352,2025-01-22
4,C22,SKU50,108.19823055112224,2025-01-22
4,C27,SKU30,143.16922467507425,2025-01-22
4,C47,SKU11,466.7219173435063,2025-01-22
4,C50,SKU13,457.0314398223149,2025-01-22
4,C45,SKU93,373.68573596109536,2025-01-22
4,C29,SKU4,26.118453451977857,2025-01-22
4,C38,SKU89,431.1553532176484,2025-01-22
4,C47,SKU44,194.34026939685697,2025-01-22
4,C7,SKU33,348.69936943597116,2025-01-22
4,C36,SKU93,132.73180171176202,2025-01-22
4,C44,SKU15,404.0012851264246,2025-01-22
4,C17,SKU46,322.00958553822767,2025-01-22
4,C33,SKU86,478.30571139407,2025-01-22
4,C24,SKU60,267.48732976739063,2025-01-22
4,C13,SKU18,245.80094125088235,2025-01-22
4,C12,SKU73,316.8272345011527,2025-01-22
4,C24,SKU59,337.5144854617793,2025-01-22
4,C41,SKU67,161.32898075566354,2025-01-22
4,C35,SKU84,423.6243860432861,2025-01-22
4,C7,SKU4,33.67991446744843,2025-01-22
4,C33,SKU50,336.23049359722427,2025-01-22
4,C17,SKU49,218.67309506778233,2025-01-22
4,C31,SKU24,411.075196936992,2025-01-22
4,C36,SKU6,420.4750179173543,2025-01-22
4,C47,SKU81,481.1184246027022,2025-01-22
4,C9,SKU50,273.6269921439032,2025-01-22
4,C5,SKU2,126.34734558913972,2025-01-22
4,C1,SKU47,433.71361560919354,2025-01-22
4,C20,SKU99,264.97561365462843,2025-01-22
4,C24,SKU60,322.642640018676,2025-01-22
4,C2,SKU48,175.22686778295835,2025-01-22
4,C34,SKU4,251.146976039985,2025-01-22
4,C20,SKU17,419.61496077223353,2025-01-22
4,C40,SKU25,375.38263199686753,2025-01-22
4,C8,SKU98,176.55026616794586,2025-01-22
4,C30,SKU56,54.37511600745865,2025-01-22
4,C36,SKU85,70.71115565092518,2025-01-22
4,C39,SKU95,491.8711908816221,2025-01-22
4,C3,SKU70,424.57849816606836,2025-01-22
4,C42,SKU74,143.1377663161179,2025-01-22
4,C42,SKU44,333.38629826804936,2025-01-22
4,C42,SKU51,184.32311961721354,2025-01-22
4,C20,SKU13,281.76854406730837,2025-01-22
4,C14,SKU86,357.1695255927672,2025-01-22
4,C40,SKU96,236.56454985049496,2025-01-22
4,C4,SKU14,476.4071531012893,2025-01-22
4,C29,SKU73,442.6475745850839,2025-01-22
4,C14,SKU90,187.95724589161748,2025-01-22
4,C4,SKU9,184.5877432327076,2025-01-22
4,C18,SKU66,420.6801586023531,2025-01-22
4,C11,SKU6,457.64147399552,2025-01-22
4,C20,SKU50,157.29337051919364,2025-01-22
4,C26,SKU56,463.6632143820991,2025-01-22
4,C33,SKU27,186.44687571584458,2025-01-22
4,C32,SKU38,438.34673824737257,2025-01-22
4,C36,SKU95,172.75915028934088,2025-01-22
4,C40,SKU36,34.732449637076726,2025-01-22
4,C4,SKU1,274.251503232142,2025-01-22
4,C2,SKU78,485.8863886096212,2025-01-22
4,C9,SKU87,225.80239032131368,2025-01-22
4,C46,SKU90,221.36483876391665,2025-01-22
4,C12,SKU39,194.9557402764759,2025-01-22
4,C50,SKU65,23.708545207707417,2025-01-22
4,C28,SKU5,374.0439590538587,2025-01-22
4,C18,SKU24,120.11466570447077,2025-01-22
4,C39,SKU38,76.08158553564422,2025-01-22
4,C48,SKU53,79.43825149227483,2025-01-22
4,C2,SKU87,112.08149763327081,2025-01-22
4,C49,SKU25,345.7493581319066,2025-01-22
4,C6,SKU5,109.55963570457696,2025-01-22
4,C47,SKU63,404.94087802558533,2025-01-22
4,C13,SKU13,496.07294008580067,2025-01-22
4,C38,SKU96,402.04254650878744,2025-01-22
4,C11,SKU90,377.5210242176296,2025-01-22
4,C44,SKU37,217.5853473072714,2025-01-22
4,C15,SKU25,321.57719688368337,2025-01-22
4,C43,SKU62,277.9375954755182,2025-01-22
4,C21,SKU71,24.73251951326963,2025-01-22
4,C7,SKU89,160.9334783075593,2025-01-22
4,C36,SKU80,368.2802967971135,2025-01-22
4,C34,SKU32,185.86120361723223,2025-01-22
4,C8,SKU77,451.8606264986831,2025-01-22
4,C15,SKU82,432.45681628328174,2025-01-22
4,C12,SKU68,241.9953537934194,2025-01-22
4,C38,SKU39,255.17477534279712,2025-01-22
4,C28,SKU77,261.00318473804407,2025-01-22
4,C14,SKU57,293.2841192033902,2025-01-22
4,C8,SKU22,229.9564223744603,2025-01-22
4,C42,SKU55,125.17978909190751,2025-01-22
4,C28,SKU28,410.38289537513674,2025-01-22
4,C34,SKU6,206.59167768877325,2025-01-22
4,C28,SKU39,253.28109040910454,2025-01-22
4,C48,SKU92,470.8210099068036,2025-01-22
4,C33,SKU47,230.43791172142713,2025-01-22
4,C22,SKU42,128.94377012173118,2025-01-22
4,C42,SKU50,435.7594690428299,2025-01-22
4,C3,SKU4,460.2005666265033,2025-01-22
4,C24,SKU64,45.23997716088743,2025-01-22
4,C2,SKU67,257.3937348565826,2025-01-22
4,C21,SKU65,311.89654245845117,2025-01-22
4,C38,SKU61,172.81885832428233,2025-01-22
5,C36,SKU10,108.4702542783168,2025-01-29
5,C15,SKU7,496.9888904841369,2025-01-29
5,C38,SKU90,389.1852289440905,2025-01-29
5,C42,SKU4,150.49304725297307,2025-01-29
5,C11,SKU36,471.2040880745928,2025-01-29
5,C21,SKU44,483.4412552300158,2025-01-29
5,C20,SKU60,359.86083580658334,2025-01-29
5,C39,SKU27,382.9690407074986,2025-01-29
5,C34,SKU90,442.64846976572704,2025-01-29
5,C23,SKU58,35.74322363998411,2025-01-29
5,C50,SKU97,311.6893398128549,2025-01-29
5,C11,SKU4,112.76095432880086,2025-01-29
5,C24,SKU57,271.04354048182694,2025-01-29
5,C14,SKU13,428.10730726809095,2025-01-29
5,C40,SKU64,348.3989210075112,2025-01-29
5,C39,SKU42,96.02503785784928,2025-01-29
5,C32,SKU49,151.69318407038824,2025-01-29
5,C31,SKU88,217.1034725480573,2025-01-29
5,C1,SKU65,83.21351388424866,2025-01-29
5,C17,SKU21,366.1890544701162,2025-01-29
5,C9,SKU100,386.241709004472,2025-01-29
5,C21,SKU37,342.34023782457473,2025-01-29
5,C8,SKU99,290.8163377927237,2025-01-29
5,C20,SKU96,300.37514135788774,2025-01-29
5,C35,SKU8,184.72245252421135,2025-01-29
5,C49,SKU91,368.8568970980052,2025-01-29
5,C12,SKU15,91.95534640071384,2025-01-29
5,C7,SKU93,168.2358165400809,2025-01-29
5,C33,SKU95,195.23584555124867,2025-01-29
5,C3,SKU17,447.15577671815686,2025-01-29
5,C40,SKU3,457.3347419050845,2025-01-29
5,C46,SKU24,364.4055363880644,2025-01-29
5,C7,SKU46,297.073849905306,2025-01-29
5,C15,SKU81,73.71926087765402,2025-01-29
5,C7,SKU5,312.5982935342666,2025-01-29
5,C28,SKU100,114.33576399450195,2025-01-29
5,C15,SKU1,133.90294173333325,2025-01-29
5,C16,SKU74,220.92563766019984,2025-01-29
5,C2,SKU50,11.559122152596306,2025-01-29
5,C3,SKU78,428.7004402972918,2025-01-29
5,C35,SKU8,287.8982573061997,2025-01-29
5,C13,SKU100,150.76857234381384,2025-01-29
5,C30,SKU53,358.00848186255286,2025-01-29
5,C13,SKU14,119.75316046707283,2025-01-29
5,C17,SKU94,82.48147005873453,2025-01-29
5,C25,SKU25,163.17943798435638,2025-01-29
5,C28,SKU83,180.46350439607863,2025-01-29
5,C8,SKU80,310.1259333662113,2025-01-29
5,C42,SKU24,310.9079441568469,2025-01-29
5,C36,SKU65,67.52959557283864,2025-01-29
5,C47,SKU49,48.84134897162244,2025-01-29
5,C30,SKU83,164.08077552308694,2025-01-29
5,C45,SKU35,359.60336496463776,2025-01-29
5,C47,SKU41,376.64900197658943,2025-01-29
5,C44,SKU17,217.6986402854172,2025-01-29
5,C33,SKU3,70.51181319289142,2025-01-29
5,C11,SKU25,432.3384763988317,2025-01-29
5,C26,SKU61,131.2634922264073,2025-01-29
5,C31,SKU27,482.1925712087544,2025-01-29
5,C49,SKU76,72.70408618765262,2025-01-29
5,C30,SKU72,297.16561527905685,2025-01-29
5,C2,SKU100,217.0573853571955,2025-01-29
5,C5,SKU67,479.3224068183731,2025-01-29
5,C29,SKU1,352.91552134682786,2025-01-29
5,C18,SKU78,87.58101509169848,2025-01-29
5,C27,SKU35,16.40627194392503,2025-01-29
5,C19,SKU98,117.05025829156008,2025-01-29
5,C12,SKU84,47.49904087718776,2025-01-29
5,C9,SKU6,480.7716301730638,2025-01-29
5,C17,SKU70,483.0885768367526,2025-01-29
5,C22,SKU24,144.76722805885356,2025-01-29
5,C9,SKU37,369.7744617935277,2025-01-29
5,C25,SKU96,105.82333625537895,2025-01-29
5,C34,SKU12,468.6236061845045,2025-01-29
5,C41,SKU41,470.26829833949074,2025-01-29
5,C4,SKU6,320.01878554572147,2025-01-29
5,C38,SKU26,130.12475609645887,2025-01-29
5,C14,SKU65,46.06444508297031,2025-01-29
5,C27,SKU69,389.08417330183136,2025-01-29
5,C16,SKU79,270.4253919524881,2025-01-29
5,C5,SKU71,50.85272080358043,2025-01-29
5,C34,SKU48,27.63424430619712,2025-01-29
5,C12,SKU59,460.0445192173615,2025-01-29
5,C20,SKU26,430.378738320237,2025-01-29
5,C13,SKU26,87.42027202687912,2025-01-29
5,C47,SKU15,275.36330236502243,2025-01-29
5,C38,SKU68,190.2829096966175,2025-01-29
5,C12,SKU33,402.4209851082437,2025-01-29
5,C13,SKU18,96.57075998497926,2025-01-29
5,C20,SKU81,363.51234731496163,2025-01-29
5,C28,SKU9,97.32094420169936,2025-01-29
5,C45,SKU92,373.2419401735845,2025-01-29
5,C2,SKU61,487.13024258922934,2025-01-29
5,C21,SKU83,146.46838792957777,2025-01-29
5,C14,SKU48,420.05586407322465,2025-01-29
5,C38,SKU74,281.3141341338805,2025-01-29
5,C17,SKU49,323.5801611281338,2025-01-29
5,C39,SKU24,169.40354311393102,2025-01-29
5,C9,SKU68,448.30190740239607,2025-01-29
5,C24,SKU21,305.4119614362463,2025-01-29
5,C11,SKU66,375.151671908364,2025-01-29
5,C27,SKU84,457.81073647218483,2025-01-29
5,C42,SKU48,27.127141796140968,2025-01-29
5,C14,SKU26,286.54128020787965,2025-01-29
5,C25,SKU6,300.449595250345,2025-01-29
5,C40,SKU70,492.5053534556683,2025-01-29
5,C8,SKU79,93.08108509278735,2025-01-29
5,C50,SKU81,93.86420559990798,2025-01-29
5,C9,SKU77,350.140686773747,2025-01-29
5,C9,SKU25,235.59917895823418,2025-01-29
5,C15,SKU54,87.54570810718894,2025-01-29
5,C18,SKU86,71.4518550688558,2025-01-29
5,C34,SKU60,24.814981084572555,2025-01-29
5,C19,SKU52,231.796922718689,2025-01-29
5,C48,SKU2,308.65549067071976,2025-01-29
5,C49,SKU94,370.6973132423389,2025-01-29
5,C9,SKU15,240.31833949211475,2025-01-29
5,C1,SKU89,333.1964103371017,2025-01-29
5,C3,SKU55,474.514262403649,2025-01-29
5,C1,SKU30,181.38849811823135,2025-01-29
5,C40,SKU39,401.8414653573552,2025-01-29
5,C33,SKU39,139.58191494881996,2025-01-29
5,C40,SKU99,167.0758668396474,2025-01-29
5,C18,SKU54,402.87690809511963,2025-01-29
5,C48,SKU89,150.82131183114436,2025-01-29
5,C23,SKU88,465.5535311510398,2025-01-29
5,C7,SKU67,409.8141272346172,2025-01-29
5,C32,SKU38,435.27292049466666,2025-01-29
5,C17,SKU64,34.493875583385254,2025-01-29
5,C7,SKU26,411.13552550515544,2025-01-29
5,C3,SKU18,400.7691288584382,2025-01-29
5,C45,SKU70,143.2578415234798,2025-01-29
5,C21,SKU21,10.341695976294877,2025-01-29
5,C42,SKU94,171.38761053517078,2025-01-29
5,C33,SKU97,89.69042810477086,2025-01-29
5,C35,SKU91,414.4917137971976,2025-01-29
5,C9,SKU30,246.66541074559777,2025-01-29
5,C27,SKU46,105.9672320752266,2025-01-29
5,C4,SKU44,254.27705128752956,2025-01-29
5,C42,SKU22,94.57240454129017,2025-01-29
5,C47,SKU90,20.028936563092792,2025-01-29
5,C27,SKU3,112.3101722697229,2025-01-29
5,C11,SKU79,190.8383224037943,2025-01-29
5,C16,SKU27,359.69967573400027,2025-01-29
5,C30,SKU50,491.0049465112492,2025-01-29
5,C24,SKU24,389.2126307859129,2025-01-29
5,C20,SKU34,95.83628263800934,2025-01-29
5,C23,SKU64,86.386325955578,2025-01-29
5,C47,SKU61,350.15437355437933,2025-01-29
5,C19,SKU88,433.995309365316,2025-01-29
5,C50,SKU65,399.67802545526075,2025-01-29
5,C45,SKU57,275.9707568174137,2025-01-29
5,C17,SKU48,243.51288588376786,2025-01-29
5,C46,SKU58,248.0903815473837,2025-01-29
5,C16,SKU21,11.608159497421266,2025-01-29
5,C9,SKU78,276.2068573794742,2025-01-29
5,C41,SKU56,388.8522687606383,2025-01-29
5,C49,SKU25,320.8969846506232,2025-01-29
5,C9,SKU39,66.19108216894958,2025-01-29
5,C33,SKU1,258.710446860395,2025-01-29
5,C15,SKU92,455.62060504024464,2025-01-29
5,C42,SKU14,454.55883833404334,2025-01-29
5,C32,SKU25,212.43501647643072,2025-01-29
5,C13,SKU15,422.05855745893297,2025-01-29
5,C24,SKU1,473.16266370467906,2025-01-29
5,C43,SKU56,106.70019257584447,2025-01-29
5,C35,SKU93,480.0732236492248,2025-01-29
5,C9,SKU87,312.4810781304725,2025-01-29
5,C16,SKU93,209.23728392164648,2025-01-29
5,C2,SKU90,421.7130825802505,2025-01-29
5,C11,SKU29,418.4621143366913,2025-01-29
5,C41,SKU69,95.2417830701682,2025-01-29
5,C44,SKU43,70.93786364916912,2025-01-29
5,C33,SKU71,481.99061079505503,2025-01-29
5,C15,SKU38,461.4307790831861,2025-01-29
5,C40,SKU3,225.21227757201535,2025-01-29
5,C13,SKU46,396.92317567265655,2025-01-29
5,C50,SKU44,237.89953119518785,2025-01-29
5,C29,SKU54,161.73719202366084,2025-01-29
5,C12,SKU85,130.68421634585678,2025-01-29
5,C30,SKU91,108.06342560227368,2025-01-29
5,C19,SKU79,218.6501458083228,2025-01-29
5,C30,SKU10,262.41277987042065,2025-01-29
5,C41,SKU19,317.50472344887567,2025-01-29
5,C12,SKU98,332.69939220971247,2025-01-29
5,C16,SKU92,282.7873021508178,2025-01-29
5,C45,SKU20,107.45772437913554,2025-01-29
5,C21,SKU72,136.5253918488645,2025-01-29
5,C31,SKU58,126.02220520006532,2025-01-29
5,C10,SKU14,18.85313007843547,2025-01-29
5,C10,SKU69,476.9788067077249,2025-01-29
5,C8,SKU42,163.1349582892668,2025-01-29
5,C9,SKU97,451.05931839440603,2025-01-29
5,C9,SKU51,427.45096551066854,2025-01-29
5,C30,SKU99,238.24719147862865,2025-01-29
5,C32,SKU18,134.69172141592497,2025-01-29
5,C33,SKU62,398.3224459239598,2025-01-29
5,C43,SKU95,39.73598920356265,2025-01-29
5,C34,SKU58,399.46164742809424,2025-01-29
5,C27,SKU38,10.004441528776923,2025-01-29
6,C47,SKU86,67.50707776557002,2025-02-05
6,C1,SKU8,52.43070856809402,2025-02-05
6,C44,SKU11,26.98892518011996,2025-02-05
6,C49,SKU57,25.55084934019382,2025-02-05
6,C50,SKU15,400.4703144126288,2025-02-05
6,C48,SKU91,207.60792901555374,2025-02-05
6,C48,SKU94,46.05282873413232,2025-02-05
6,C10,SKU63,356.5582722791631,2025-02-05
6,C27,SKU75,314.3581112362131,2025-02-05
6,C50,SKU86,74.31379956561717,2025-02-05
6,C26,SKU96,313.44228976087595,2025-02-05
6,C26,SKU89,497.92228802927514,2025-02-05
6,C40,SKU99,100.54994827452943,2025-02-05
6,C32,SKU38,424.48017763683424,2025-02-05
6,C2,SKU84,103.66242697903407,2025-02-05
6,C32,SKU59,360.2393865523547,2025-02-05
6,C28,SKU35,264.5284332297667,2025-02-05
6,C18,SKU4,120.06006198013161,2025-02-05
6,C27,SKU35,420.21255295504716,2025-02-05
6,C16,SKU61,306.78481041352404,2025-02-05
6,C4,SKU60,197.02214408688744,2025-02-05
6,C27,SKU5,82.5915751710236,2025-02-05
6,C23,SKU3,356.11403011208654,2025-02-05
6,C34,SKU84,211.59576667423994,2025-02-05
6,C38,SKU58,401.9412265128834,2025-02-05
6,C19,SKU80,103.55948800427409,2025-02-05
6,C50,SKU48,374.49805904423386,2025-02-05
6,C19,SKU34,229.0792557683763,2025-02-05
6,C48,SKU78,62.8651581430346,2025-02-05
6,C4,SKU13,397.98003674560107,2025-02-05
6,C37,SKU38,57.682044278257514,2025-02-05
6,C6,SKU27,437.38165040903783,2025-02-05
6,C22,SKU90,193.95637313964275,2025-02-05
6,C20,SKU43,11.311137107770389,2025-02-05
6,C31,SKU63,324.15075021037995,2025-02-05
6,C25,SKU64,242.6436105389709,2025-02-05
6,C23,SKU43,342.9464411797489,2025-02-05
6,C41,SKU100,362.07399105658084,2025-02-05
6,C35,SKU50,290.95291576734553,2025-02-05
6,C25,SKU15,409.0482003058914,2025-02-05
6,C39,SKU62,36.126291258525924,2025-02-05
6,C8,SKU18,93.49813533880753,2025-02-05
6,C15,SKU23,185.69871925782962,2025-02-05
6,C24,SKU69,44.935007532956156,2025-02-05
6,C43,SKU91,206.20828306312387,2025-02-05
6,C13,SKU14,20.315549674994656,2025-02-05
6,C20,SKU20,156.0017858421628,2025-02-05
6,C7,SKU49,428.316683316556,2025-02-05
6,C37,SKU59,239.89140453058616,2025-02-05
6,C8,SKU58,124.67791331976221,2025-02-05
6,C9,SKU60,195.6480124775272,2025-02-05
6,C21,SKU20,158.92457441308588,2025-02-05
6,C7,SKU53,228.76279334228425,2025-02-05
6,C4,SKU57,330.22371418826845,2025-02-05
6,C26,SKU65,353.7819973808338,2025-02-05
6,C25,SKU43,317.10668643829433,2025-02-05
6,C36,SKU28,475.4693516357518,2025-02-05
6,C43,SKU59,195.82764144494743,2025-02-05
6,C3,SKU95,345.01484111941767,2025-02-05
6,C39,SKU31,220.00184491441806,2025-02-05
6,C40,SKU90,341.63152622082225,2025-02-05
6,C12,SKU96,174.96181508715273,2025-02-05
6,C21,SKU59,16.61885150885165,2025-02-05
6,C30,SKU76,253.1588925650795,2025-02-05
6,C6,SKU46,355.2887113020059,2025-02-05
6,C7,SKU48,42.34416446832375,2025-02-05
6,C45,SKU76,433.9829024828711,2025-02-05
6,C25,SKU93,489.9655153355317,2025-02-05
6,C37,SKU77,114.70322696599207,2025-02-05
6,C7,SKU61,76.40235487841778,2025-02-05
6,C10,SKU56,143.56223850251487,2025-02-05
6,C12,SKU90,231.00546898821602,2025-02-05
6,C26,SKU30,457.5980502513367,2025-02-05
6,C22,SKU3,115.56676445929234,2025-02-05
6,C14,SKU26,253.89525211068909,2025-02-05
6,C1,SKU25,123.9240989749885,2025-02-05
6,C50,SKU88,66.13504054167804,2025-02-05
6,C1,SKU96,60.39872881023207,2025-02-05
6,C13,SKU8,244.44869466989647,2025-02-05
6,C10,SKU33,485.21821411177575,2025-02-05
6,C22,SKU1,112.3033794034737,2025-02-05
6,C10,SKU81,459.14091602056567,2025-02-05
6,C19,SKU92,233.15622947609717,2025-02-05
6,C38,SKU29,363.9560332149669,2025-02-05
6,C43,SKU5,289.73495310295306,2025-02-05
6,C6,SKU5,363.9038854429233,2025-02-05
6,C38,SKU49,262.93774982236704,2025-02-05
6,C1,SKU6,199.2359239277875,2025-02-05
6,C36,SKU75,415.20871306631705,2025-02-05
6,C9,SKU20,445.3945018503031,2025-02-05
6,C46,SKU33,234.08477198177883,2025-02-05
6,C26,SKU57,292.3371452635793,2025-02-05
6,C17,SKU85,146.37395991167276,2025-02-05
6,C30,SKU4,293.1288915725183,2025-02-05
6,C26,SKU33,304.1257305957723,2025-02-05
6,C39,SKU20,40.698845558101624,2025-02-05
6,C13,SKU100,426.15861351459165,2025-02-05
6,C2,SKU15,54.60069925839981,2025-02-05
6,C20,SKU65,263.710528307253,2025-02-05
6,C31,SKU87,192.5068760292639,2025-02-05
6,C8,SKU88,331.1677298726044,2025-02-05
6,C5,SKU45,419.3493066449516,2025-02-05
6,C34,SKU60,493.97119698070145,2025-02-05
6,C39,SKU41,311.0504552139217,2025-02-05
6,C33,SKU14,283.513035641295,2025-02-05
6,C18,SKU90,98.38450755762676,2025-02-05
6,C41,SKU38,336.61719854731757,2025-02-05
6,C12,SKU6,490.6551817907215,2025-02-05
6,C18,SKU50,217.84974152219678,2025-02-05
6,C39,SKU54,363.9249266235178,2025-02-05
6,C42,SKU56,243.35618740298904,2025-02-05
6,C30,SKU88,164.44645091166763,2025-02-05
6,C7,SKU33,201.40145903298622,2025-02-05
6,C25,SKU38,302.9375228126034,2025-02-05
6,C40,SKU37,195.61533591094204,2025-02-05
6,C24,SKU33,409.8908773797861,2025-02-05
6,C26,SKU88,394.8273590235841,2025-02-05
6,C12,SKU78,61.71097958520435,2025-02-05
6,C31,SKU9,106.40771912610631,2025-02-05
6,C9,SKU32,119.27680260739885,2025-02-05
6,C35,SKU67,217.52225988941382,2025-02-05
6,C9,SKU62,140.7329287554497,2025-02-05
6,C39,SKU73,165.69042585915483,2025-02-05
6,C1,SKU41,137.6389726070499,2025-02-05
6,C42,SKU99,198.73003663198165,2025-02-05
6,C7,SKU77,383.3465898205194,2025-02-05
6,C19,SKU100,253.53752658165652,2025-02-05
6,C23,SKU44,121.38658342655636,2025-02-05
6,C41,SKU35,117.43134082256593,2025-02-05
6,C1,SKU50,215.50209119567614,2025-02-05
6,C42,SKU52,153.919454461849,2025-02-05
6,C49,SKU6,472.651471317934,2025-02-05
6,C24,SKU47,82.36674785761946,2025-02-05
6,C8,SKU35,264.53843113260257,2025-02-05
6,C50,SKU1,493.92878149359836,2025-02-05
6,C37,SKU59,417.27132722307107,2025-02-05
6,C37,SKU99,262.7840675055004,2025-02-05
6,C17,SKU75,322.1320437183756,2025-02-05
6,C34,SKU56,121.98229091733528,2025-02-05
6,C29,SKU69,193.77364189644518,2025-02-05
6,C38,SKU89,244.74036276484225,2025-02-05
6,C28,SKU76,358.95179409039514,2025-02-05
6,C17,SKU98,275.9242869620427,2025-02-05
6,C9,SKU19,265.3251343386566,2025-02-05
6,C48,SKU27,366.3944621266679,2025-02-05
6,C10,SKU12,125.62836885101292,2025-02-05
6,C26,SKU73,168.7403808098331,2025-02-05
6,C39,SKU48,224.92706973604078,2025-02-05
6,C14,SKU75,96.29918179540691,2025-02-05
6,C36,SKU37,463.1851746895594,2025-02-05
6,C5,SKU29,380.64669303243215,2025-02-05
6,C29,SKU3,61.63868270606944,2025-02-05
6,C28,SKU36,175.52725818703527,2025-02-05
6,C25,SKU47,432.6637983298347,2025-02-05
6,C28,SKU96,159.8754398735996,2025-02-05
6,C9,SKU14,125.25132646498547,2025-02-05
6,C7,SKU47,338.02729201828686,2025-02-05
6,C32,SKU8,155.87973390323884,2025-02-05
6,C12,SKU91,88.30351110410167,2025-02-05
6,C20,SKU44,128.19633608668465,2025-02-05
6,C35,SKU24,368.5659033189487,2025-02-05
6,C2,SKU44,417.03098867100925,2025-02-05
6,C28,SKU65,52.431399580627875,2025-02-05
6,C4,SKU72,453.3078159005268,2025-02-05
6,C46,SKU22,371.46302318749576,2025-02-05
6,C45,SKU63,437.8161052224758,2025-02-05
6,C16,SKU98,262.06713790782436,2025-02-05
6,C47,SKU96,166.70080882763122,2025-02-05
6,C25,SKU53,398.9715159752475,2025-02-05
6,C20,SKU92,142.36632758854404,2025-02-05
6,C48,SKU18,174.87514757080172,2025-02-05
6,C5,SKU47,496.5820942521878,2025-02-05
6,C15,SKU77,158.0825216317178,2025-02-05
6,C46,SKU78,484.48071331214527,2025-02-05
6,C41,SKU50,456.7325337735965,2025-02-05
6,C41,SKU9,489.14842186315457,2025-02-05
6,C25,SKU76,413.27223061800055,2025-02-05
6,C28,SKU44,363.8594417365079,2025-02-05
6,C43,SKU63,103.46588202961117,2025-02-05
6,C4,SKU83,151.63509850433397,2025-02-05
6,C13,SKU30,176.74634801200617,2025-02-05
6,C34,SKU32,39.82025701831347,2025-02-05
6,C3,SKU94,440.71647262196296,2025-02-05
6,C35,SKU2,53.989704811452626,2025-02-05
6,C43,SKU66,309.865112578994,2025-02-05
6,C30,SKU33,279.3732086331686,2025-02-05
6,C20,SKU9,12.57620250004176,2025-02-05
6,C21,SKU29,276.2864435910266,2025-02-05
6,C24,SKU4,61.40403613648797,2025-02-05
6,C19,SKU62,185.35931715302203,2025-02-05
6,C40,SKU17,306.61806261935595,2025-02-05
6,C6,SKU28,165.9365037271408,2025-02-05
6,C45,SKU95,302.9234860750867,2025-02-05
6,C45,SKU85,59.16415425700355,2025-02-05
6,C4,SKU35,318.6090365901807,2025-02-05
6,C21,SKU35,462.71864540450696,2025-02-05
6,C12,SKU28,89.28583801961369,2025-02-05
6,C19,SKU85,160.45202754686352,2025-02-05
6,C22,SKU94,177.65851186687445,2025-02-05
6,C22,SKU71,123.15056239812789,2025-02-05
7,C5,SKU65,246.27404819128836,2025-02-12
7,C44,SKU92,29.114749733225747,2025-02-12
7,C31,SKU98,320.50950511924503,2025-02-12
7,C35,SKU69,20.315433067676633,2025-02-12
7,C15,SKU76,209.4350663693168,2025-02-12
7,C2,SKU13,90.0078532350632,2025-02-12
7,C9,SKU40,299.7165599724438,2025-02-12
7,C15,SKU69,328.2649847891221,2025-02-12
7,C13,SKU46,287.95924639866615,2025-02-12
7,C45,SKU30,490.9564560054327,2025-02-12
7,C40,SKU83,87.93829801601315,2025-02-12
7,C17,SKU60,286.0884380640014,2025-02-12
7,C26,SKU94,268.3996025980312,2025-02-12
7,C43,SKU75,320.6477634202007,2025-02-12
7,C47,SKU20,274.63380773872234,2025-02-12
7,C45,SKU38,439.4654306094403,2025-02-12
7,C41,SKU65,497.99413223028637,2025-02-12
7,C33,SKU93,357.83508788082645,2025-02-12
7,C48,SKU63,422.9049084537728,2025-02-12
7,C34,SKU89,168.249625167958,2025-02-12
7,C49,SKU1,41.033590402660636,2025-02-12
7,C13,SKU94,435.2329317075464,2025-02-12
7,C8,SKU77,441.7401760840586,2025-02-12
7,C31,SKU5,292.1916554676961,2025-02-12
7,C4,SKU75,72.16777014110104,2025-02-12
7,C32,SKU38,195.18850023560137,2025-02-12
7,C7,SKU46,74.774358040464,2025-02-12
7,C42,SKU73,367.4648379607653,2025-02-12
7,C32,SKU75,296.77252275946375,2025-02-12
7,C28,SKU45,283.67692319529993,2025-02-12
7,C8,SKU14,51.28812938878508,2025-02-12
7,C40,SKU91,235.59346380390716,2025-02-12
7,C5,SKU52,26.696047957635606,2025-02-12
7,C2,SKU55,251.3045918796344,2025-02-12
7,C43,SKU8,243.47366654998095,2025-02-12
7,C43,SKU59,394.22350121789765,2025-02-12
7,C1,SKU57,449.3768476403938,2025-02-12
7,C11,SKU93,162.4356681440693,2025-02-12
7,C34,SKU22,285.10308882572275,2025-02-12
7,C8,SKU61,315.8558215596505,2025-02-12
7,C14,SKU65,499.2079905877166,2025-02-12
7,C39,SKU46,313.9771343681893,2025-02-12
7,C45,SKU19,153.63161352861962,2025-02-12
7,C43,SKU1,97.19467505185405,2025-02-12
7,C19,SKU45,10.046054152165604,2025-02-12
7,C2,SKU28,290.48256351619284,2025-02-12
7,C47,SKU31,96.82537025017753,2025-02-12
7,C44,SKU25,349.75617958056864,2025-02-12
7,C13,SKU91,289.6809727693402,2025-02-12
7,C16,SKU73,47.230536813680516,2025-02-12
7,C13,SKU7,345.63523245094774,2025-02-12
7,C29,SKU25,265.5554701744868,2025-02-12
7,C37,SKU6,400.1501499803234,2025-02-12
7,C20,SKU41,354.7525546908665,2025-02-12
7,C11,SKU57,482.9926268876295,2025-02-12
7,C50,SKU55,199.98792071833327,2025-02-12
7,C8,SKU19,345.3660077600405,2025-02-12
7,C24,SKU53,127.20665499795969,2025-02-12
7,C29,SKU91,15.452764651685433,2025-02-12
7,C45,SKU64,42.07427383891125,2025-02-12
7,C2,SKU51,298.196520321509,2025-02-12
7,C13,SKU1,434.12955419103446,2025-02-12
7,C20,SKU58,148.04858533984014,2025-02-12
7,C50,SKU32,404.97324674802866,2025-02-12
7,C39,SKU38,494.3649436049802,2025-02-12
7,C40,SKU77,312.3899195401407,2025-02-12
7,C43,SKU26,186.58225193659118,2025-02-12
7,C47,SKU79,70.29751372933747,2025-02-12
7,C6,SKU84,125.37934160265027,2025-02-12
7,C3,SKU79,32.83203510982885,2025-02-12
7,C34,SKU93,65.7831900819767,2025-02-12
7,C44,SKU38,420.5238091911041,2025-02-12
7,C25,SKU15,413.8911416004073,2025-02-12
7,C50,SKU3,106.30878448497222,2025-02-12
7,C35,SKU40,363.61679479268116,2025-02-12
7,C8,SKU67,342.7554533245325,2025-02-12
7,C4,SKU63,452.2971481087904,2025-02-12
7,C28,SKU80,263.2222259613703,2025-02-12
7,C34,SKU37,379.95097222147615,2025-02-12
7,C13,SKU73,225.52434647642391,2025-02-12
7,C37,SKU72,14.438481112823558,2025-02-12
7,C7,SKU23,56.26763617506769,2025-02-12
7,C3,SKU59,42.579270541232475,2025-02-12
7,C40,SKU33,286.3186893435764,2025-02-12
7,C21,SKU27,129.19749369857016,2025-02-12
7,C46,SKU71,480.44546481601066,2025-02-12
7,C8,SKU66,299.0187977164,2025-02-12
7,C7,SKU97,365.7504654090956,2025-02-12
7,C50,SKU66,486.89002964337084,2025-02-12
7,C49,SKU20,290.9858623954154,2025-02-12
7,C9,SKU86,187.02684594938407,2025-02-12
7,C30,SKU37,386.1992264906044,2025-02-12
7,C31,SKU56,340.58024185703835,2025-02-12
7,C45,SKU42,111.83346989834239,2025-02-12
7,C10,SKU19,27.22793205445092,2025-02-12
7,C43,SKU92,14.432075109330325,2025-02-12
7,C18,SKU27,455.1432052702809,2025-02-12
7,C5,SKU41,74.1898412865848,2025-02-12
7,C39,SKU14,327.6736988831975,2025-02-12
7,C49,SKU83,265.74118214523327,2025-02-12
7,C19,SKU81,351.3465703325329,2025-02-12
7,C46,SKU64,349.1504689877413,2025-02-12
7,C50,SKU11,265.49687259158384,2025-02-12
7,C34,SKU18,80.85239415297612,2025-02-12
7,C46,SKU50,237.00739993136605,2025-02-12
7,C30,SKU62,443.8973389027664,2025-02-12
7,C13,SKU56,189.81625037637235,2025-02-12
7,C47,SKU78,52.93461501077321,2025-02-12
7,C16,SKU2,486.4596472485713,2025-02-12
7,C33,SKU68,284.9332185517839,2025-02-12
7,C50,SKU37,28.400806826926694,2025-02-12
7,C8,SKU37,247.8681837638723,2025-02-12
7,C33,SKU41,473.0438874811757,2025-02-12
7,C9,SKU41,399.6545904612009,2025-02-12
7,C20,SKU83,152.08202073766128,2025-02-12
7,C5,SKU51,447.2794392342737,2025-02-12
7,C50,SKU84,176.52078462173267,2025-02-12
7,C10,SKU36,421.0641400423534,2025-02-12
7,C21,SKU27,369.29288343611796,2025-02-12
7,C39,SKU79,492.6215154423789,2025-02-12
7,C26,SKU57,200.22704867362717,2025-02-12
7,C50,SKU98,220.3908412291136,2025-02-12
7,C46,SKU61,268.8599091037329,2025-02-12
7,C39,SKU27,158.81880312695097,2025-02-12
7,C21,SKU63,427.98734944422256,2025-02-12
7,C32,SKU86,354.87614240356186,2025-02-12
7,C31,SKU21,260.9199273221821,2025-02-12
7,C28,SKU77,282.88793764303927,2025-02-12
7,C25,SKU24,84.61046943743928,2025-02-12
7,C19,SKU69,449.66827213871323,2025-02-12
7,C7,SKU67,355.7322612783101,2025-02-12
7,C15,SKU53,403.0540222713726,2025-02-12
7,C43,SKU65,433.1162060482343,2025-02-12
7,C23,SKU53,299.86296600487765,2025-02-12
7,C45,SKU11,284.59086482384896,2025-02-12
7,C44,SKU35,392.6056177713064,2025-02-12
7,C13,SKU51,388.984244014616,2025-02-12
7,C24,SKU75,324.0008325078178,2025-02-12
7,C5,SKU45,109.05788334270261,2025-02-12
7,C4,SKU78,407.3069888183509,2025-02-12
7,C30,SKU85,167.02934942529788,2025-02-12
7,C2,SKU3,354.47987418470007,2025-02-12
7,C46,SKU60,224.05879120872592,2025-02-12
7,C3,SKU41,380.35664580456654,2025-02-12
7,C49,SKU3,448.88917990587686,2025-02-12
7,C48,SKU51,151.19001347775261,2025-02-12
7,C22,SKU61,157.36449668235966,2025-02-12
7,C12,SKU11,333.17114235322265,2025-02-12
7,C27,SKU83,282.9109756179858,2025-02-12
7,C27,SKU73,58.32683966403991,2025-02-12
7,C46,SKU21,317.91054743241665,2025-02-12
7,C40,SKU13,287.20865932790997,2025-02-12
7,C23,SKU89,484.5790312753607,2025-02-12
7,C45,SKU88,169.39071682369558,2025-02-12
7,C44,SKU88,157.966305120691,2025-02-12
7,C35,SKU77,37.390443908522,2025-02-12
7,C34,SKU86,298.39332832661546,2025-02-12
7,C12,SKU61,271.7567633818588,2025-02-12
7,C49,SKU18,493.60634379137156,2025-02-12
7,C29,SKU23,447.4156679863862,2025-02-12
7,C45,SKU11,159.02613527728815,2025-02-12
7,C32,SKU38,367.23168402989734,2025-02-12
7,C38,SKU6,341.263922291153,2025-02-12
7,C11,SKU21,406.35536237783674,2025-02-12
7,C30,SKU69,453.15994154837773,2025-02-12
7,C40,SKU64,203.1846967539556,2025-02-12
7,C44,SKU40,317.561215684666,2025-02-12
7,C45,SKU64,416.82124743669254,2025-02-12
7,C46,SKU85,217.85573456547255,2025-02-12
7,C32,SKU66,162.3052023898573,2025-02-12
7,C6,SKU8,249.46188983144938,2025-02-12
7,C37,SKU1,333.08227322769994,2025-02-12
7,C33,SKU63,39.33385820199011,2025-02-12
7,C34,SKU92,271.58615872627246,2025-02-12
7,C34,SKU86,434.1388168417914,2025-02-12
7,C9,SKU82,465.24262320321014,2025-02-12
7,C37,SKU48,150.53105064839912,2025-02-12
7,C2,SKU85,33.37361712436115,2025-02-12
7,C15,SKU2,130.66565977011012,2025-02-12
7,C13,SKU91,77.30342363891283,2025-02-12
7,C47,SKU94,498.4523995737321,2025-02-12
7,C40,SKU22,226.7732983592569,2025-02-12
7,C29,SKU24,267.7551790995017,2025-02-12
7,C45,SKU84,310.56711470106086,2025-02-12
7,C39,SKU75,463.19708221407865,2025-02-12
7,C45,SKU37,156.06320071921348,2025-02-12
7,C10,SKU64,132.7494568084318,2025-02-12
7,C7,SKU97,456.5749847796406,2025-02-12
7,C41,SKU19,333.4622450508748,2025-02-12
7,C50,SKU36,13.395255065700184,2025-02-12
7,C1,SKU28,268.44178219359424,2025-02-12
7,C41,SKU70,383.2790517229059,2025-02-12
7,C9,SKU1,468.2640699906878,2025-02-12
7,C47,SKU28,66.60099096698494,2025-02-12
7,C45,SKU50,19.786330911659306,2025-02-12
7,C42,SKU55,255.72198360787993,2025-02-12
7,C7,SKU98,478.42009387996933,2025-02-12
7,C44,SKU9,127.23357804821131,2025-02-12
7,C24,SKU80,417.4880003939035,2025-02-12
7,C33,SKU2,22.77677935715287,2025-02-12
8,C48,SKU5,410.54728552164676,2025-02-19
8,C8,SKU66,443.73478289803296,2025-02-19
8,C44,SKU39,212.71447420543186,2025-02-19
8,C39,SKU89,106.84999781332324,2025-02-19
8,C24,SKU14,60.58809313214483,2025-02-19
8,C39,SKU4,425.2369053115676,2025-02-19
8,C46,SKU24,52.677956201556306,2025-02-19
8,C48,SKU61,280.6697802541081,2025-02-19
8,C5,SKU94,59.91349059911645,2025-02-19
8,C26,SKU20,194.63610239724403,2025-02-19
8,C28,SKU89,446.96676598497476,2025-02-19
8,C20,SKU76,123.07333618199314,2025-02-19
8,C1,SKU75,290.05952108473986,2025-02-19
8,C27,SKU88,426.4779696093703,2025-02-19
8,C6,SKU5,430.1885614561179,2025-02-19
8,C26,SKU24,423.0456963677863,2025-02-19
8,C39,SKU87,286.27706551687237,2025-02-19
8,C43,SKU69,457.9355516646263,2025-02-19
8,C24,SKU53,327.7256846260254,2025-02-19
8,C31,SKU82,484.3798997979321,2025-02-19
8,C41,SKU31,458.1854353967274,2025-02-19
8,C35,SKU60,157.33890326988555,2025-02-19
8,C47,SKU57,161.14532698870585,2025-02-19
8,C27,SKU71,98.5269864527619,2025-02-19
8,C24,SKU31,453.3588134481949,2025-02-19
8,C30,SKU30,458.68271093527915,2025-02-19
8,C27,SKU50,271.0090738575268,2025-02-19
8,C13,SKU21,313.3444444321398,2025-02-19
8,C9,SKU86,331.635275938008,2025-02-19
8,C6,SKU15,242.59055387884285,2025-02-19
8,C43,SKU47,279.26000686092044,2025-02-19
8,C50,SKU79,342.0019433819749,2025-02-19
8,C47,SKU99,222.1281327126472,2025-02-19
8,C30,SKU65,380.3182655830524,2025-02-19
8,C27,SKU88,495.09949540045255,2025-02-19
8,C25,SKU64,445.90888994761985,2025-02-19
8,C22,SKU27,113.19507522523277,2025-02-19
8,C15,SKU97,440.23722515611956,2025-02-19
8,C49,SKU81,48.06604735315798,2025-02-19
8,C13,SKU50,262.9157111023367,2025-02-19
8,C38,SKU90,15.67062434787074,2025-02-19
8,C36,SKU8,223.56219671846077,2025-02-19
8,C23,SKU45,237.92151758655382,2025-02-19
8,C17,SKU35,82.40339746729666,2025-02-19
8,C28,SKU87,170.19681418741644,2025-02-19
8,C22,SKU81,32.40015106153835,2025-02-19
8,C8,SKU95,417.35256702581177,2025-02-19
8,C38,SKU85,65.23054898029307,2025-02-19
8,C50,SKU25,284.7262871394569,2025-02-19
8,C18,SKU72,151.56275411644836,2025-02-19
8,C35,SKU6,13.496672008434636,2025-02-19
8,C8,SKU29,14.370537987182583,2025-02-19
8,C29,SKU58,485.981657291302,2025-02-19
8,C41,SKU43,73.38001779096996,2025-02-19
8,C46,SKU74,201.44042794934546,2025-02-19
8,C14,SKU4,125.74390661990587,2025-02-19
8,C43,SKU43,33.19166842078651,2025-02-19
8,C23,SKU25,276.989261731548,2025-02-19
8,C41,SKU11,121.37539266812443,2025-02-19
8,C50,SKU10,146.78290122167937,2025-02-19
8,C41,SKU79,310.4116518332755,2025-02-19
8,C45,SKU60,454.4361526326884,2025-02-19
8,C27,SKU54,306.75449758386986,2025-02-19
8,C12,SKU51,227.20951431437038,2025-02-19
8,C20,SKU79,248.88001758145663,2025-02-19
8,C26,SKU70,407.7326001875124,2025-02-19
8,C4,SKU93,166.3234649802509,2025-02-19
8,C19,SKU46,11.266182932589224,2025-02-19
8,C18,SKU70,485.43861374311905,2025-02-19
8,C1,SKU88,363.4255596367043,2025-02-19
8,C46,SKU9,382.843371513875,2025-02-19
8,C12,SKU75,413.34449432917387,2025-02-19
8,C46,SKU59,390.11297557043855,2025-02-19
8,C15,SKU26,314.83185120253734,2025-02-19
8,C49,SKU24,157.36737029547757,2025-02-19
8,C6,SKU13,268.7156500402744,2025-02-19
8,C37,SKU78,481.7194596181274,2025-02-19
8,C12,SKU16,244.33341336529574,2025-02-19
8,C5,SKU45,194.80089935508454,2025-02-19
8,C8,SKU17,110.552897177958,2025-02-19
8,C15,SKU9,143.28213517692328,2025-02-19
8,C6,SKU4,26.440886277716917,2025-02-19
8,C2,SKU5,422.1890664023381,2025-02-19
8,C18,SKU33,385.80868843386185,2025-02-19
8,C43,SKU28,321.871302397729,2025-02-19
8,C46,SKU62,461.31157113335684,2025-02-19
8,C20,SKU40,155.55747940989062,2025-02-19
8,C7,SKU53,61.734670046209736,2025-02-19
8,C20,SKU7,437.47296725937514,2025-02-19
8,C39,SKU83,286.02575617633886,2025-02-19
8,C23,SKU41,33.22491057056014,2025-02-19
8,C25,SKU15,210.98912478271774,2025-02-19
8,C38,SKU92,82.63381510409032,2025-02-19
8,C37,SKU81,272.222652231012,2025-02-19
8,C14,SKU18,172.25532782269315,2025-02-19
8,C14,SKU39,341.13937001063135,2025-02-19
8,C8,SKU44,315.9662803275967,2025-02-19
8,C36,SKU64,322.3401925618003,2025-02-19
8,C29,SKU50,280.90704447471654,2025-02-19
8,C23,SKU4,16.386954239814855,2025-02-19
8,C26,SKU61,122.78439609676435,2025-02-19
8,C36,SKU47,355.77952638957566,2025-02-19
8,C49,SKU2,213.80818618641217,2025-02-19
8,C43,SKU4,438.37512812224145,2025-02-19
8,C26,SKU1,99.13623296419782,2025-02-19
8,C25,SKU15,236.79939432405143,2025-02-19
8,C39,SKU60,286.74974119646316,2025-02-19
8,C7,SKU18,332.6558336216669,2025-02-19
8,C15,SKU36,74.93975133407737,2025-02-19
8,C44,SKU2,76.6614807736423,2025-02-19
8,C37,SKU81,417.01951592671537,2025-02-19
8,C15,SKU71,258.4654719177263,2025-02-19
8,C2,SKU12,499.0716652205362,2025-02-19
8,C28,SKU2,11.839026198587678,2025-02-19
8,C29,SKU77,30.368849782488763,2025-02-19
8,C42,SKU31,315.99874115068917,2025-02-19
8,C33,SKU62,391.8254276405289,2025-02-19
8,C16,SKU60,202.89407412264472,2025-02-19
8,C45,SKU5,47.34957076015406,2025-02-19
8,C50,SKU62,435.1854476193073,2025-02-19
8,C32,SKU87,462.28529959280314,2025-02-19
8,C46,SKU60,484.52957241588337,2025-02-19
8,C19,SKU71,180.27583455520897,2025-02-19
8,C47,SKU97,68.20203487058822,2025-02-19
8,C44,SKU82,443.3464335731604,2025-02-19
8,C29,SKU99,270.42967336284414,2025-02-19
8,C20,SKU40,256.6627662241445,2025-02-19
8,C36,SKU47,173.74890731335023,2025-02-19
8,C23,SKU90,173.95602304466266,2025-02-19
8,C30,SKU18,166.6043466533684,2025-02-19
8,C3,SKU53,120.8136707852913,2025-02-19
8,C33,SKU61,476.8719715998131,2025-02-19
8,C18,SKU24,471.7947095387487,2025-02-19
8,C31,SKU90,235.383217190481,2025-02-19
8,C2,SKU31,392.48329170978224,2025-02-19
8,C24,SKU52,272.6871519044984,2025-02-19
8,C3,SKU69,225.74313635100359,2025-02-19
8,C45,SKU33,285.9651266355507,2025-02-19
8,C36,SKU91,273.8718616477372,2025-02-19
8,C9,SKU50,111.41249175999715,2025-02-19
8,C40,SKU62,25.4445328957992,2025-02-19
8,C2,SKU93,276.3786588902988,2025-02-19
8,C50,SKU60,150.93783736976542,2025-02-19
8,C8,SKU61,39.42133842152355,2025-02-19
8,C44,SKU41,193.4212526032984,2025-02-19
8,C50,SKU35,415.0078782991082,2025-02-19
8,C14,SKU40,356.7377234854482,2025-02-19
8,C50,SKU45,481.9598769607852,2025-02-19
8,C16,SKU90,373.2439927781912,2025-02-19
8,C16,SKU66,157.70848810193593,2025-02-19
8,C18,SKU97,135.42084299107597,2025-02-19
8,C47,SKU82,262.0959427350376,2025-02-19
8,C36,SKU46,236.563653315597,2025-02-19
8,C48,SKU80,210.17248627102882,2025-02-19
8,C14,SKU96,159.17694268111816,2025-02-19
8,C49,SKU83,177.48548176267212,2025-02-19
8,C1,SKU40,449.7439287547297,2025-02-19
8,C35,SKU26,349.7947655673206,2025-02-19
8,C42,SKU28,57.72359604630365,2025-02-19
8,C35,SKU32,240.23679148669405,2025-02-19
8,C26,SKU44,190.2632167780173,2025-02-19
8,C13,SKU20,140.7101321160567,2025-02-19
8,C24,SKU47,56.44199560094428,2025-02-19
8,C34,SKU84,251.41256666188735,2025-02-19
8,C4,SKU38,120.9363155155735,2025-02-19
8,C45,SKU25,358.88398794348956,2025-02-19
8,C13,SKU2,398.11073350581404,2025-02-19
8,C31,SKU98,209.3444258712978,2025-02-19
8,C21,SKU9,461.05766166025217,2025-02-19
8,C45,SKU7,429.71875076140145,2025-02-19
8,C15,SKU77,99.45917779053266,2025-02-19
8,C18,SKU9,495.2135965353418,2025-02-19
8,C7,SKU13,184.80597055242495,2025-02-19
8,C42,SKU16,62.324640540204165,2025-02-19
8,C29,SKU67,457.2112559439883,2025-02-19
8,C41,SKU82,175.6579820601514,2025-02-19
8,C43,SKU100,428.69622486172204,2025-02-19
8,C7,SKU3,63.74621759454686,2025-02-19
8,C34,SKU88,213.4425772743841,2025-02-19
8,C38,SKU48,241.9741793296386,2025-02-19
8,C4,SKU45,129.80571982856856,2025-02-19
8,C23,SKU59,449.1108654421501,2025-02-19
8,C46,SKU75,438.35969827640974,2025-02-19
8,C18,SKU58,27.158067068124943,2025-02-19
8,C31,SKU85,422.71442097831743,2025-02-19
8,C28,SKU51,72.40684815718848,2025-02-19
8,C17,SKU60,390.8287281854585,2025-02-19
8,C35,SKU33,439.3251177963502,2025-02-19
8,C40,SKU13,407.0188148639053,2025-02-19
8,C41,SKU1,419.8954553840646,2025-02-19
8,C9,SKU83,480.52104845269236,2025-02-19
8,C5,SKU85,462.272159953752,2025-02-19
8,C6,SKU21,227.84893119248585,2025-02-19
8,C24,SKU7,208.9668088430523,2025-02-19
8,C27,SKU10,57.14025964032396,2025-02-19
8,C5,SKU92,25.140348744384326,2025-02-19
8,C44,SKU67,117.71339635858746,2025-02-19
8,C30,SKU26,270.89684058709327,2025-02-19
8,C40,SKU13,485.491534324703,2025-02-19
8,C42,SKU17,109.63986387990981,2025-02-19
9,C27,SKU17,404.0847034390952,2025-02-26
9,C20,SKU6,191.40871788187806,2025-02-26
9,C3,SKU80,49.68384921093174,2025-02-26
9,C27,SKU11,263.52845732230514,2025-02-26
9,C7,SKU87,289.2418805634813,2025-02-26
9,C19,SKU78,247.43923212485424,2025-02-26
9,C21,SKU51,47.53950410500033,2025-02-26
9,C27,SKU77,270.96113418515637,2025-02-26
9,C44,SKU67,123.56667292593393,2025-02-26
9,C20,SKU30,204.56410780099117,2025-02-26
9,C1,SKU29,310.8614087840959,2025-02-26
9,C26,SKU30,301.8377473311752,2025-02-26
9,C6,SKU80,157.55625156191107,2025-02-26
9,C42,SKU13,56.683109101383295,2025-02-26
9,C43,SKU94,216.63641203577882,2025-02-26
9,C29,SKU39,176.0704892701821,2025-02-26
9,C37,SKU30,229.57339500925025,2025-02-26
9,C43,SKU19,195.42162319272643,2025-02-26
9,C13,SKU76,461.42252838566645,2025-02-26
9,C25,SKU82,21.197179552779893,2025-02-26
9,C37,SKU92,389.7843566426252,2025-02-26
9,C18,SKU44,227.8248316386786,2025-02-26
9,C26,SKU73,144.26967768444032,2025-02-26
9,C44,SKU58,164.9843829785531,2025-02-26
9,C39,SKU98,153.9088481064588,2025-02-26
9,C44,SKU73,403.0464706970307,2025-02-26
9,C27,SKU63,219.6824950062288,2025-02-26
9,C4,SKU24,97.43081831876822,2025-02-26
9,C45,SKU17,224.51977111554882,2025-02-26
9,C19,SKU25,152.05205328352122,2025-02-26
9,C10,SKU97,242.0267796144989,2025-02-26
9,C27,SKU43,261.6416327863215,2025-02-26
9,C23,SKU88,229.09787299576791,2025-02-26
9,C27,SKU74,15.15310223625139,2025-02-26
9,C12,SKU83,393.0282049316171,2025-02-26
9,C44,SKU75,284.0368271835481,2025-02-26
9,C45,SKU6,414.8844386610121,2025-02-26
9,C18,SKU42,18.62284158505298,2025-02-26
9,C48,SKU20,252.75517123952866,2025-02-26
9,C47,SKU61,153.6382525544223,2025-02-26
9,C45,SKU22,302.9125988024369,2025-02-26
9,C33,SKU99,274.6903315457868,2025-02-26
9,C1,SKU63,178.14745907856044,2025-02-26
9,C48,SKU75,155.51894735146178,2025-02-26
9,C42,SKU13,239.83389828096526,2025-02-26
9,C29,SKU71,288.9124817973823,2025-02-26
9,C13,SKU4,161.96805551995377,2025-02-26
9,C30,SKU19,405.6277631073102,2025-02-26
9,C29,SKU12,12.18722576850723,2025-02-26
9,C46,SKU40,324.74534717721264,2025-02-26
9,C9,SKU3,400.8293241529332,2025-02-26
9,C26,SKU8,182.17127311105017,2025-02-26
9,C16,SKU25,243.9156951205627,2025-02-26
9,C15,SKU87,260.15219614878777,2025-02-26
9,C35,SKU62,350.01699744028537,2025-02-26
9,C25,SKU95,214.28922193834933,2025-02-26
9,C12,SKU83,398.60443943776085,2025-02-26
9,C30,SKU70,407.4588889468887,2025-02-26
9,C45,SKU28,370.532164080086,2025-02-26
9,C15,SKU22,344.6972533976092,2025-02-26
9,C35,SKU72,57.488512750647615,2025-02-26
9,C2,SKU47,97.28162228206577,2025-02-26
9,C7,SKU96,16.259292778188367,2025-02-26
9,C46,SKU22,72.78211674445308,2025-02-26
9,C22,SKU100,200.05012671804738,2025-02-26
9,C38,SKU52,491.77185597008133,2025-02-26
9,C12,SKU29,282.46499882480555,2025-02-26
9,C12,SKU87,383.294823520659,2025-02-26
9,C42,SKU47,271.33140801031664,2025-02-26
9,C40,SKU7,30.009725658900003,2025-02-26
9,C13,SKU67,257.5597193058089,2025-02-26
9,C21,SKU53,223.7618972173826,2025-02-26
9,C19,SKU84,223.71147758318457,2025-02-26
9,C45,SKU49,462.71607935066123,2025-02-26
9,C43,SKU9,130.81089090453298,2025-02-26
9,C16,SKU11,26.25708152437824,2025-02-26
9,C4,SKU77,370.5915186549922,2025-02-26
9,C29,SKU52,474.871996033621,2025-02-26
9,C38,SKU96,367.1346627129415,2025-02-26
9,C5,SKU88,23.0556310917451,2025-02-26
9,C40,SKU98,268.4482020175732,2025-02-26
9,C4,SKU96,397.54957274810596,2025-02-26
9,C10,SKU8,177.0423507487306,2025-02-26
9,C31,SKU17,399.7869211070777,2025-02-26
9,C3,SKU50,389.5080681629839,2025-02-26
9,C50,SKU100,79.89949735237799,2025-02-26
9,C39,SKU81,152.62222193478308,2025-02-26
9,C31,SKU89,38.28570230964756,2025-02-26
9,C37,SKU43,458.1631422923209,2025-02-26
9,C49,SKU88,371.1740699557932,2025-02-26
9,C45,SKU63,85.87372526319594,2025-02-26
9,C39,SKU21,238.04861206217203,2025-02-26
9,C41,SKU73,116.69576080998004,2025-02-26
9,C20,SKU67,283.34252711122434,2025-02-26
9,C30,SKU47,274.2273410186745,2025-02-26
9,C36,SKU52,47.56248016437356,2025-02-26
9,C21,SKU64,266.9665924224499,2025-02-26
9,C46,SKU58,223.15908387315048,2025-02-26
9,C4,SKU5,323.85738805572095,2025-02-26
9,C1,SKU24,235.37402056708555,2025-02-26
9,C20,SKU2,58.35023368898,2025-02-26
9,C24,SKU78,116.36079935337114,2025-02-26
9,C46,SKU6,256.86617860270735,2025-02-26
9,C26,SKU3,91.04717894267098,2025-02-26
9,C41,SKU97,21.640886027323205,2025-02-26
9,C3,SKU28,353.846778654192,2025-02-26
9,C34,SKU83,125.99371474695997,2025-02-26
9,C35,SKU9,418.2221652353419,2025-02-26
9,C5,SKU96,186.40322080049827,2025-02-26
9,C49,SKU6,97.68702597879896,2025-02-26
9,C40,SKU3,485.00758243017395,2025-02-26
9,C36,SKU48,363.3243476417834,2025-02-26
9,C35,SKU62,446.93072977216593,2025-02-26
9,C20,SKU73,460.8580045057634,2025-02-26
9,C35,SKU65,468.7024133104478,2025-02-26
9,C19,SKU30,294.8070317239747,2025-02-26
9,C1,SKU16,452.40396619330824,2025-02-26
9,C17,SKU41,443.5035823765759,2025-02-26
9,C30,SKU9,455.6597466582159,2025-02-26
9,C1,SKU4,474.83017736787116,2025-02-26
9,C38,SKU41,341.71996370031906,2025-02-26
9,C28,SKU22,164.38833744642795,2025-02-26
9,C39,SKU11,249.81910644595212,2025-02-26
9,C1,SKU38,452.1512057120656,2025-02-26
9,C13,SKU39,178.80819397122505,2025-02-26
9,C46,SKU24,109.89305867949494,2025-02-26
9,C5,SKU42,320.9762174468609,2025-02-26
9,C5,SKU89,249.0663661014901,2025-02-26
9,C42,SKU18,26.019157119992006,2025-02-26
9,C3,SKU37,226.46317032791623,2025-02-26
9,C29,SKU78,321.5770080462235,2025-02-26
9,C29,SKU35,22.362961257945138,2025-02-26
9,C32,SKU72,311.1387030977606,2025-02-26
9,C17,SKU89,399.49450091303265,2025-02-26
9,C22,SKU36,170.34151181845203,2025-02-26
9,C47,SKU83,210.8955099327897,2025-02-26
9,C7,SKU22,460.81018672334915,2025-02-26
9,C20,SKU87,277.9024906078702,2025-02-26
9,C3,SKU100,56.931955819784946,2025-02-26
9,C30,SKU88,32.20072981298137,2025-02-26
9,C42,SKU82,326.32568771801317,2025-02-26
9,C26,SKU89,173.54010967096784,2025-02-26
9,C42,SKU44,199.174908983199,2025-02-26
9,C50,SKU28,398.09353533514326,2025-02-26
9,C50,SKU90,182.17692413591143,2025-02-26
9,C17,SKU21,175.98435142837647,2025-02-26
9,C15,SKU36,367.11482307193546,2025-02-26
9,C12,SKU99,474.05413836164695,2025-02-26
9,C7,SKU23,109.92642247456347,2025-02-26
9,C5,SKU43,432.4139624594006,2025-02-26
9,C29,SKU76,370.7191315609767,2025-02-26
9,C11,SKU78,135.05236011318112,2025-02-26
9,C26,SKU77,25.459229950426526,2025-02-26
9,C31,SKU53,118.74711015690681,2025-02-26
9,C5,SKU99,110.60270107732735,2025-02-26
9,C30,SKU3,133.74666163622322,2025-02-26
9,C33,SKU37,147.2408649978082,2025-02-26
9,C22,SKU33,338.91259351684465,2025-02-26
9,C28,SKU79,324.13055637633136,2025-02-26
9,C20,SKU96,293.27195801723786,2025-02-26
9,C7,SKU77,421.7676968709095,2025-02-26
9,C21,SKU33,166.94185928321536,2025-02-26
9,C26,SKU94,17.117579580778973,2025-02-26
9,C28,SKU52,256.36142060169306,2025-02-26
9,C21,SKU26,443.94810935707966,2025-02-26
9,C3,SKU2,392.89985936519497,2025-02-26
9,C22,SKU40,94.31752224469112,2025-02-26
9,C22,SKU62,382.40887346349393,2025-02-26
9,C24,SKU63,246.22598399516292,2025-02-26
9,C42,SKU77,315.9097834314295,2025-02-26
9,C43,SKU16,294.05897158567234,2025-02-26
9,C22,SKU77,387.4945691636844,2025-02-26
9,C33,SKU45,320.9207511750658,2025-02-26
9,C44,SKU77,64.44927792417216,2025-02-26
9,C15,SKU89,172.09637512830233,2025-02-26
9,C14,SKU23,304.15163961480044,2025-02-26
9,C31,SKU59,258.22516586059453,2025-02-26
9,C44,SKU50,458.07133063267514,2025-02-26
9,C22,SKU38,434.1857631676187,2025-02-26
9,C38,SKU13,173.85645198870859,2025-02-26
9,C49,SKU17,280.24108781438775,2025-02-26
9,C24,SKU97,465.6304492680337,2025-02-26
9,C14,SKU48,172.78655202614593,2025-02-26
9,C32,SKU78,88.86170670397978,2025-02-26
9,C11,SKU25,128.6810452951144,2025-02-26
9,C40,SKU61,96.9302287323533,2025-02-26
9,C11,SKU92,451.6744292092411,2025-02-26
9,C10,SKU98,268.0990683860739,2025-02-26
9,C48,SKU20,46.515937363516,2025-02-26
9,C42,SKU16,179.9446014937364,2025-02-26
9,C30,SKU5,395.05808706160775,2025-02-26
9,C32,SKU78,239.57148862004414,2025-02-26
9,C17,SKU62,225.70188192329408,2025-02-26
9,C10,SKU54,77.16801399041022,2025-02-26
9,C18,SKU82,281.38910497288396,2025-02-26
9,C15,SKU26,487.5047061755693,2025-02-26
9,C4,SKU35,311.516705041392,2025-02-26
9,C46,SKU67,490.67047410607216,2025-02-26
9,C10,SKU25,358.6178556975253,2025-02-26
9,C36,SKU58,388.193786859913,2025-02-26
10,C46,SKU34,498.1479538800201,2025-03-05
10,C20,SKU75,45.78000085278594,2025-03-05
10,C11,SKU9,498.96351086381907,2025-03-05
10,C25,SKU73,42.82528198472717,2025-03-05
10,C9,SKU100,136.13114946646493,2025-03-05
10,C23,SKU60,413.7350357656212,2025-03-05
10,C45,SKU41,183.9349043739294,2025-03-05
10,C1,SKU73,454.29485479537936,2025-03-05
10,C36,SKU45,411.2862004562866,2025-03-05
10,C17,SKU52,224.04382308216842,2025-03-05
10,C18,SKU35,159.23132515429418,2025-03-05
10,C49,SKU34,56.45786349242475,2025-03-05
10,C41,SKU80,492.50356696217705,2025-03-05
10,C42,SKU62,414.24037679465357,2025-03-05
10,C18,SKU56,176.0071129059278,2025-03-05
10,C3,SKU31,364.23049893164324,2025-03-05
10,C39,SKU100,417.61856930557445,2025-03-05
10,C40,SKU52,298.48570692790264,2025-03-05
10,C36,SKU32,277.10705954608477,2025-03-05
10,C3,SKU78,446.67059617404385,2025-03-05
10,C47,SKU43,101.3259513727807,2025-03-05
10,C2,SKU11,61.915654175567866,2025-03-05
10,C45,SKU12,364.5925610602198,2025-03-05
10,C48,SKU98,152.47349237033512,2025-03-05
10,C7,SKU16,177.99522734875407,2025-03-05
10,C34,SKU28,427.98672443412227,2025-03-05
10,C12,SKU27,410.7315341798669,2025-03-05
10,C11,SKU80,347.3126887313266,2025-03-05
10,C9,SKU100,271.86347841036707,2025-03-05
10,C25,SKU97,135.72070773466865,2025-03-05
10,C9,SKU45,333.0566490938892,2025-03-05
10,C9,SKU14,381.5985250334662,2025-03-05
10,C44,SKU100,225.81191879026525,2025-03-05
10,C6,SKU28,327.1836072213875,2025-03-05
10,C31,SKU91,398.70170149814385,2025-03-05
10,C12,SKU76,444.12077756903534,2025-03-05
10,C30,SKU57,294.9713899453608,2025-03-05
10,C15,SKU89,444.46342431647764,2025-03-05
10,C19,SKU70,44.323261396821344,2025-03-05
10,C4,SKU25,345.02943898413366,2025-03-05
10,C13,SKU66,253.9254500482278,2025-03-05
10,C25,SKU12,82.86878248602282,2025-03-05
10,C7,SKU40,279.57124231497886,2025-03-05
10,C11,SKU64,300.24813927273783,2025-03-05
10,C32,SKU77,65.78718649023415,2025-03-05
10,C1,SKU75,458.7712277814738,2025-03-05
10,C2,SKU6,44.18206448549775,2025-03-05
10,C9,SKU31,312.14293715486014,2025-03-05
10,C46,SKU83,127.76280177267951,2025-03-05
10,C49,SKU90,484.70885869126846,2025-03-05
10,C24,SKU95,193.77534252173686,2025-03-05
10,C45,SKU10,95.92203705009413,2025-03-05
10,C49,SKU67,71.32270278074421,2025-03-05
10,C43,SKU50,251.70736013268828,2025-03-05
10,C12,SKU74,162.06246758530406,2025-03-05
10,C31,SKU98,496.19820501165856,2025-03-05
10,C40,SKU26,30.628364822879597,2025-03-05
10,C21,SKU1,382.0400031802294,2025-03-05
10,C13,SKU13,159.02095734205966,2025-03-05
10,C8,SKU50,341.75731977747813,2025-03-05
10,C1,SKU94,299.2666003613388,2025-03-05
10,C21,SKU79,119.67728394458985,2025-03-05
10,C7,SKU91,154.99461684788147,2025-03-05
10,C12,SKU100,413.0132893932985,2025-03-05
10,C37,SKU22,485.8462128434349,2025-03-05
10,C18,SKU93,254.17739301995866,2025-03-05
10,C31,SKU35,194.06163401832634,2025-03-05
10,C29,SKU27,243.3344214465883,2025-03-05
10,C33,SKU97,336.2652926371629,2025-03-05
10,C29,SKU27,91.1960786768418,2025-03-05
10,C22,SKU97,324.97626441660407,2025-03-05
10,C1,SKU53,432.6706856475226,2025-03-05
10,C46,SKU89,424.57838172984356,2025-03-05
10,C9,SKU32,45.282847288428805,2025-03-05
10,C12,SKU67,227.2116328777488,2025-03-05
10,C20,SKU62,261.4436533999247,2025-03-05
10,C43,SKU94,28.249247366809243,2025-03-05
10,C1,SKU7,57.056907279634025,2025-03-05
10,C49,SKU92,51.8741748214087,2025-03-05
10,C26,SKU34,319.1661385707829,2025-03-05
10,C13,SKU21,148.8193477330352,2025-03-05
10,C23,SKU88,452.0590308863602,2025-03-05
10,C1,SKU8,101.58260856671414,2025-03-05
10,C49,SKU80,440.9047937272769,2025-03-05
10,C44,SKU95,427.18948193296353,2025-03-05
10,C6,SKU79,156.05931616744965,2025-03-05
10,C13,SKU54,72.43691111755315,2025-03-05
10,C7,SKU73,23.67082095489283,2025-03-05
10,C27,SKU60,159.93733340989937,2025-03-05
10,C7,SKU80,205.99299763085318,2025-03-05
10,C43,SKU89,484.3247626833917,2025-03-05
10,C30,SKU92,140.50574301751445,2025-03-05
10,C13,SKU36,383.80307354499723,2025-03-05
10,C7,SKU46,334.26925109957284,2025-03-05
10,C33,SKU23,304.43584513398145,2025-03-05
10,C12,SKU95,461.38976854496264,2025-03-05
10,C27,SKU46,34.37517537684064,2025-03-05
10,C49,SKU47,193.97978133173316,2025-03-05
10,C1,SKU71,384.2109004785672,2025-03-05
10,C21,SKU80,303.93057205281605,2025-03-05
10,C41,SKU52,411.9174482343791,2025-03-05
10,C26,SKU8,12.183346702468953,2025-03-05
10,C32,SKU72,83.78148424069363,2025-03-05
10,C14,SKU56,421.89834140906095,2025-03-05
10,C40,SKU35,80.90363914936431,2025-03-05
10,C22,SKU90,386.58875241731755,2025-03-05
10,C31,SKU15,183.56170386388874,2025-03-05
10,C28,SKU26,269.8540514927407,2025-03-05
10,C27,SKU89,470.0243887980003,2025-03-05
10,C13,SKU54,337.04157509393224,2025-03-05
10,C43,SKU37,81.88451541328504,2025-03-05
10,C10,SKU57,236.53580202662488,2025-03-05
10,C2,SKU37,173.6932783619985,2025-03-05
10,C29,SKU83,87.58236204914564,2025-03-05
10,C9,SKU63,458.3739380481168,2025-03-05
10,C9,SKU47,417.8154862617081,2025-03-05
10,C5,SKU98,316.8112085505409,2025-03-05
10,C43,SKU2,127.99347485571462,2025-03-05
10,C10,SKU30,283.8353604519226,2025-03-05
10,C21,SKU41,304.78880029899756,2025-03-05
10,C36,SKU6,397.5781220489158,2025-03-05
10,C40,SKU36,231.91607343052357,2025-03-05
10,C16,SKU86,205.38954348798367,2025-03-05
10,C25,SKU81,248.03138777971256,2025-03-05
10,C33,SKU43,43.83733524325963,2025-03-05
10,C29,SKU74,313.1303452543711,2025-03-05
10,C19,SKU62,128.73871813312002,2025-03-05
10,C48,SKU21,206.74618636959383,2025-03-05
10,C5,SKU25,326.7423394997213,2025-03-05
10,C28,SKU97,479.722450432457,2025-03-05
10,C28,SKU5,114.75529313145691,2025-03-05
10,C18,SKU74,341.94938185949263,2025-03-05
10,C5,SKU36,164.9720876701973,2025-03-05
10,C33,SKU87,196.442773326563,2025-03-05
10,C43,SKU80,170.78416608415077,2025-03-05
10,C21,SKU2,43.25172421185014,2025-03-05
10,C42,SKU92,16.115754115967043,2025-03-05
10,C25,SKU68,412.1773878443605,2025-03-05
10,C38,SKU76,14.995735009676398,2025-03-05
10,C19,SKU39,96.7803891375071,2025-03-05
10,C42,SKU36,409.4186598004538,2025-03-05
10,C24,SKU53,183.3130093513535,2025-03-05
10,C48,SKU19,54.87061773402652,2025-03-05
10,C40,SKU95,186.1492321969254,2025-03-05
10,C35,SKU59,41.00096043485438,2025-03-05
10,C1,SKU100,433.73638947954424,2025-03-05
10,C9,SKU48,397.07746424839814,2025-03-05
10,C39,SKU30,337.4157760869701,2025-03-05
10,C12,SKU72,312.189405658624,2025-03-05
10,C19,SKU42,384.8240162059576,2025-03-05
10,C37,SKU10,300.0600393350427,2025-03-05
10,C46,SKU53,216.48017563426112,2025-03-05
10,C7,SKU30,325.33900135036197,2025-03-05
10,C44,SKU42,398.17971289046017,2025-03-05
10,C49,SKU3,430.17605297320256,2025-03-05
10,C15,SKU3,33.77357293044953,2025-03-05
10,C14,SKU13,230.2233155913664,2025-03-05
10,C4,SKU35,107.80166896229491,2025-03-05
10,C36,SKU53,11.300255447236992,2025-03-05
10,C44,SKU63,471.4055137482884,2025-03-05
10,C41,SKU74,11.402479156914909,2025-03-05
10,C11,SKU22,156.24024932737944,2025-03-05
10,C35,SKU38,408.35439244380393,2025-03-05
10,C13,SKU87,457.0997340623633,2025-03-05
10,C7,SKU67,339.1588645750847,2025-03-05
10,C11,SKU17,247.0051831822805,2025-03-05
10,C36,SKU23,92.84873604331148,2025-03-05
10,C42,SKU50,154.4895306075559,2025-03-05
10,C2,SKU9,270.41690813758726,2025-03-05
10,C11,SKU42,27.3161329508781,2025-03-05
10,C22,SKU45,303.9100323211532,2025-03-05
10,C19,SKU33,300.28034991112804,2025-03-05
10,C25,SKU6,381.5071959000834,2025-03-05
10,C43,SKU15,19.505039852267224,2025-03-05
10,C24,SKU99,62.0109332699052,2025-03-05
10,C27,SKU8,190.37641215158658,2025-03-05
10,C12,SKU43,452.06518285038374,2025-03-05
10,C31,SKU16,44.69562984960523,2025-03-05
10,C15,SKU69,447.2744992278543,2025-03-05
10,C21,SKU43,33.76330007946023,2025-03-05
10,C25,SKU57,287.5672927926401,2025-03-05
10,C43,SKU43,132.20484421095443,2025-03-05
10,C38,SKU42,200.69909623256865,2025-03-05
10,C7,SKU1,203.8444010688657,2025-03-05
10,C6,SKU42,334.990405067026,2025-03-05
10,C37,SKU52,317.7146017647718,2025-03-05
10,C49,SKU65,410.80344784869334,2025-03-05
10,C48,SKU53,409.09489614836826,2025-03-05
10,C48,SKU66,276.9367889887198,2025-03-05
10,C37,SKU69,411.9735153431258,2025-03-05
10,C50,SKU12,97.88911563257588,2025-03-05
10,C22,SKU45,294.63272361706663,2025-03-05
10,C44,SKU73,112.67152345462668,2025-03-05
10,C18,SKU76,99.26079240163477,2025-03-05
10,C26,SKU24,191.04971352694432,2025-03-05
10,C12,SKU21,220.75405037282553,2025-03-05
10,C32,SKU38,385.61397924743505,2025-03-05
10,C4,SKU16,145.8676836982056,2025-03-05
10,C25,SKU99,218.14557079643737,2025-03-05
10,C25,SKU11,473.0250274962845,2025-03-05
